storeNumber,facilityType,phone,name,region,company,street,city,state,postalCode,country,open_date,latitude,longitude,state_name
379,NIKE_OWNED_STORE,13103937384,Nike Santa Monica,NORTH_AMERICA,Nike,395 Santa Monica Place #118,Santa Monica,CA,90401-2369,USA,2010-08-06,34.014015,-118.494434,California
246,NIKE_OWNED_STORE,13239370168,Nike The Grove,NORTH_AMERICA,Nike,"189 The Grove Drive, Space Q-3",Los Angeles,CA,90036-6233,USA,2015-09-10,34.071845,-118.356646,California
466,NIKE_OWNED_STORE,13104699027,Nike Well Collective - El Segundo,NORTH_AMERICA,Nike,850 S. Pacific Coast Highway,El Segundo,CA,90245-4836,USA,2023-01-26,33.9024865,-118.3944465,California
264,NIKE_OWNED_STORE,13234868638,Nike Community Store - Watts,NORTH_AMERICA,Nike,9801 S Alameda St,Los Angeles,CA,90002-3158,USA,2020-08-27,33.947451,-118.229345,California
488,NIKE_OWNED_STORE,14243995017,Nike Del Amo,NORTH_AMERICA,Nike,"3525 W Carson St, 439A",Torrance,CA,90503-5738,USA,2023-05-25,33.8337707,-118.3506624,California
384,NIKE_OWNED_STORE,18183575680,Nike Well Collective - Glendale,NORTH_AMERICA,Nike,"837 Americana Way, Suite D11",Glendale,CA,91210-1509,USA,2020-02-20,34.144367,-118.255965,California
225,NIKE_OWNED_STORE,13233079866,Nike Community Store - East LA,NORTH_AMERICA,Nike,4585 Whittier Blvd,East Los Angeles,CA,90022-2432,USA,2015-10-12,34.02303,-118.16816,California
275,NIKE_OWNED_STORE,13106266131,Nike Factory Store - Torrance,NORTH_AMERICA,Nike,2545 Pacific Coast Highway Suite A,Torrance,CA,90505-7035,USA,2017-05-25,33.791968,-118.330102,California
339,NIKE_OWNED_STORE,13237201684,Nike Factory Store - Citadel,NORTH_AMERICA,Nike,Citadel Outlets,Commerce,CA,90040-1523,USA,2010-11-09,34.008167,-118.151526,California
323,NIKE_OWNED_STORE,16267937862,Nike Well Collective - Pasadena,NORTH_AMERICA,Nike,One Colorado,Pasadena,CA,91105-1922,USA,2014-11-16,34.146029,-118.151361,California
227,NIKE_OWNED_STORE,15624327304,Nike Factory Store - Long Beach,NORTH_AMERICA,Nike,The Pike Outlets at Rainbow Harbor,Long Beach,CA,90802-8139,USA,2005-09-24,33.764344,-118.194423,California
328,NIKE_OWNED_STORE,15628000137,Nike Well Collective - Long Beach,NORTH_AMERICA,Nike,6440 E. Pacific Coast Hwy #130,Long Beach,CA,90803-4268,USA,2019-11-01,33.756586,-118.110287,California
250,NIKE_OWNED_STORE,16612847679,Nike Clearance Store - Santa Clarita,NORTH_AMERICA,Nike,Valencia Marketplace,Valencia,CA,91381-1707,USA,2017-08-31,34.38716,-118.570637,California
189,NIKE_OWNED_STORE,17144569172,Nike Factory Store - Orange,NORTH_AMERICA,Nike,Outlets at Orange,Orange,CA,92868-3102,USA,2008-09-10,33.78451,-117.892805,California
303,NIKE_OWNED_STORE,17144360203,Nike South Coast Plaza,NORTH_AMERICA,Nike,South Coast Plaza,Costa Mesa,CA,92626-1791,USA,2004-07-28,33.692559,-117.892834,California
64,NIKE_OWNED_STORE,18053844480,Nike Factory Store - Camarillo,NORTH_AMERICA,Nike,Camarillo Premium Outlets,Camarillo,CA,93010-7748,USA,1998-10-03,34.215963,-119.057244,California
480,NIKE_OWNED_STORE,19513947004,Nike Well Collective - Irvine,NORTH_AMERICA,Nike,670 Spectrum Center Dr. STE 880,Irvine,CA,92618-4956,USA,2023-06-22,33.6499644,-117.7436901,California
110,NIKE_OWNED_STORE,19099802448,Nike Factory Store - Ontario,NORTH_AMERICA,Nike,Ontario Mills,Ontario,CA,91764-5220,USA,2001-10-26,34.074062,-117.55177,California
595,NIKE_OWNED_STORE,19093614184,Nike Well Collective - Rancho Cucamonga,NORTH_AMERICA,Nike,"12431 S Mainstreet, Suite 1220",Rancho Cucamonga,CA,91739-8883,USA,2023-10-05,34.1107,-117.534121,California
200,NIKE_OWNED_STORE,+1 (949) 498-2138,Nike Factory Store - San Clemente,NORTH_AMERICA,Nike,Plaza San Clemente,San Clemente,CA,92672,USA,2018-01-01,33.438522,-117.626883,California
247,NIKE_OWNED_STORE,19093078903,Nike Factory Store - Redlands,NORTH_AMERICA,Nike,Mountain Grove at Citrus Plaza,Redlands,CA,92374-5046,USA,2017-03-30,34.076247,-117.2027,California
209,NIKE_OWNED_STORE,16618582151,Nike Factory Store - Tejon Ranch,NORTH_AMERICA,Nike,Tejon Ranch,Arvin,CA,93203-2458,USA,2014-08-07,34.984494,-118.941877,California
232,NIKE_OWNED_STORE,+1 (760) 929-0146,Nike Unite - Carlsbad,NORTH_AMERICA,Nike,Carlsbad Premium Outlets,Carlsbad,CA,92008,USA,2018-01-01,33.125323,-117.320206,California
38,NIKE_OWNED_STORE,19518490466,Nike Factory Store - Cabazon,NORTH_AMERICA,Nike,Desert Hills Premium Outlets,Cabazon,CA,92230-2116,USA,1990-10-05,33.92675,-116.813069,California
477,NIKE_OWNED_STORE,17604940249,Nike Well Collective - La Costa,NORTH_AMERICA,Nike,"1905 Calle Barcelona, Suite 12",Carlsbad,CA,92009-8450,USA,2023-05-31,33.0706989,-117.2664634,California
216,NIKE_OWNED_STORE,17602532810,Nike Factory Store - Barstow,NORTH_AMERICA,Nike,Outlets at Barstow,Barstow,CA,92311-9414,USA,2013-05-23,34.845608,-117.084336,California
307,NIKE_OWNED_STORE,16192949385,Nike Well Collective - Fashion Valley,NORTH_AMERICA,Nike,Fashion Valley Mall,San Diego,CA,92108-1156,USA,2004-11-15,32.767911,-117.168151,California
4,NIKE_OWNED_STORE,16196593460,Nike Clearance Store - Alpine,NORTH_AMERICA,Nike,Viejas Outlet Center,Alpine,CA,91901-1697,USA,1998-06-13,32.84014,-116.704692,California
30,NIKE_OWNED_STORE,16194288849,Nike Factory Store - San Ysidro,NORTH_AMERICA,Nike,Las Americas Premium Outlets,San Ysidro,CA,92173-3002,USA,1988-11-08,32.5442297,-117.0411319,California
345,NIKE_OWNED_STORE,18057731684,Nike Factory Store - Pismo Beach,NORTH_AMERICA,Nike,Pismo Beach Premium Outlets,Pismo Beach,CA,93449-5007,USA,2009-02-10,35.1364961,-120.6295234,California
121,NIKE_OWNED_STORE,15596859711,Nike Factory Store - Tulare,NORTH_AMERICA,Nike,"1553 Retherford St., #C080",Tulare,CA,93274-0000,USA,2003-08-06,36.2274851,-119.3355132,California
445,NIKE_OWNED_STORE,17024308910,Nike Well Collective - Red Rock,NORTH_AMERICA,Nike,2010 Festival Plaza Dr. #100,Las Vegas,NV,89135-1453,USA,2021-12-02,36.149273,-115.3332333,Nevada
55,NIKE_OWNED_STORE,17028967444,Nike Clearance Store - Las Vegas South,NORTH_AMERICA,Nike,Las Vegas Premium Outlets - South,Las Vegas,NV,89123-1001,USA,1993-11-19,36.056007,-115.169509,Nevada
385,NIKE_OWNED_STORE,17024070165,Nike Unite - Henderson,NORTH_AMERICA,Nike,Silverado Ranch Plaza,Las Vegas,NV,89183-6900,USA,2011-11-15,36.011133,-115.121674,Nevada
93,NIKE_OWNED_STORE,17026508888,Nike Las Vegas,NORTH_AMERICA,Nike,The Forum Shops at Caesars,Las Vegas,NV,89109-8975,USA,1997-11-21,36.119598,-115.1786,Nevada
119,NIKE_OWNED_STORE,17023828055,Nike Factory Store - Las Vegas North,NORTH_AMERICA,Nike,Las Vegas Premium Outlets - North,Las Vegas,NV,89106-4543,USA,2003-08-01,36.162076,-115.158221,Nevada
37,NIKE_OWNED_STORE,14088474300,Nike Factory Store - Gilroy,NORTH_AMERICA,Nike,Gilroy Premium Outlets,Gilroy,CA,95020-7321,USA,1990-02-02,37.020773,-121.564515,California
211,NIKE_OWNED_STORE,14083744147,Nike Factory Store - San Jose,NORTH_AMERICA,Nike,Nike Factory Store,San Jose,CA,95129-5107,USA,2014-02-13,37.292912,-121.988485,California
411,NIKE_OWNED_STORE,14082167067,Nike Well Collective - Santana Row,NORTH_AMERICA,Nike,"333 Santana Row, Suite 1000",San Jose,CA,95128-2027,USA,2021-05-13,37.322522,-121.948068,California
123,NIKE_OWNED_STORE,14089426457,Nike Factory Store - Milpitas,NORTH_AMERICA,Nike,The Great Mall,Milpitas,CA,95035-8041,USA,2005-04-28,37.414978,-121.89677,California
356,NIKE_OWNED_STORE,19254541272,Nike Factory Store - Livermore,NORTH_AMERICA,Nike,Livermore Valley Premium Outlets,Livermore,CA,94551-4203,USA,2012-11-08,37.698661,-121.843267,California
456,NIKE_OWNED_STORE,19252150578,Nike Well Collective - San Ramon,NORTH_AMERICA,Nike,6000 Bollinger Canyon Rd STE 1400,San Ramon,CA,94583-2307,USA,2022-01-27,37.7629355,-121.959808,California
377,NIKE_OWNED_STORE,15104833650,Nike Clearance Store - San Leandro,NORTH_AMERICA,Nike,1275 Marina Blvd,San Leandro,CA,94577-3322,USA,2010-04-13,37.710026,-122.163458,California
476,NIKE_OWNED_STORE,15107358363,Nike Style - Emeryville,NORTH_AMERICA,Nike,5636 Bay Street,Emeryville,CA,94608-2408,USA,2023-03-09,37.8348372,-122.2917494,California
86,NIKE_OWNED_STORE,14153926453,Nike San Francisco,NORTH_AMERICA,Nike,278 Post Street,San Francisco,CA,94108-5101,USA,1997-02-15,37.788682,-122.406676,California
552,NIKE_OWNED_STORE,15108689344,Nike Well Collective - 4th Street,NORTH_AMERICA,Nike,1787 Fourth St,Berkeley,CA,94710-1710,USA,2023-05-25,37.8706327,-122.3005201,California
386,NIKE_OWNED_STORE,16238772027,Nike Factory Store - Glendale,NORTH_AMERICA,Nike,Tanger Outlet Center - Westgate,Glendale,AZ,85305-6813,USA,2012-11-15,33.534467,-112.267103,Arizona
35,NIKE_OWNED_STORE,19169857313,Nike Factory Store - Folsom,NORTH_AMERICA,Nike,Folsom Premium Outlets,Folsom,CA,95630-8003,USA,1990-03-08,38.644352,-121.188938,California
573,NIKE_OWNED_STORE,19162460142,Nike Clearance Store - Sacramento,NORTH_AMERICA,Nike,"2100 Arden Way, Suite #172",Sacramento,CA,95825-2217,USA,2023-05-17,38.5949072,-121.4160289,California
62,NIKE_OWNED_STORE,16234650111,Nike Factory Store - Phoenix,NORTH_AMERICA,Nike,Outlets at Anthem,Phoenix,AZ,85086-0415,USA,1996-09-26,33.874877,-112.148931,Arizona
72,NIKE_OWNED_STORE,17074557014,Nike Factory Store - Vacaville,NORTH_AMERICA,Nike,Vacaville Premium Outlets,Vacaville,CA,95687-3235,USA,1997-11-07,38.369113,-121.954543,California
262,NIKE_OWNED_STORE,17072577093,Nike Factory Store - Napa,NORTH_AMERICA,Nike,Napa Premium Outlets,Napa,CA,94558-5630,USA,2017-06-29,38.295224,-122.302727,California
294,NIKE_OWNED_STORE,1-480-282-4363,Nike Unite - Desert Ridge,NORTH_AMERICA,Nike,"21001 N Tatum Blvd, Suite #38-1330",Phoenix,AZ,85050,USA,2021-09-09,33.67635376280258,-111.97359517985805,Arizona
134,NIKE_OWNED_STORE,14808971312,Nike Clearance Store - Tempe,NORTH_AMERICA,Nike,Arizona Mills Mall,Tempe,AZ,85282-6420,USA,2006-05-12,33.38326,-111.964289,Arizona
207,NIKE_OWNED_STORE,14806391780,Nike Unite - Chandler,NORTH_AMERICA,Nike,Phoenix Premium Outlets,Chandler,AZ,85226-5518,USA,2013-04-04,33.28794,-111.974034,Arizona
147,NIKE_OWNED_STORE,17077699245,Nike Factory Store - Petaluma,NORTH_AMERICA,Nike,Petaluma Village Premium Outlets,Petaluma,CA,94952-1988,USA,2007-05-02,38.25761,-122.64999,California
483,NIKE_OWNED_STORE,16028071028,Nike Unite - Tempe Marketplace,NORTH_AMERICA,Nike,2000 E Rio Salado Pkwy #1253,Tempe,AZ,85281-5181,USA,2023-06-01,33.4329995,-111.9055278,Arizona
335,NIKE_OWNED_STORE,17753587871,Nike Unite - Reno,NORTH_AMERICA,Nike,Outlets at Legends,Sparks,NV,89434-4419,USA,2009-06-18,39.53192,-119.721471,Nevada
238,NIKE_OWNED_STORE,15207446499,Nike Factory Store - Marana,NORTH_AMERICA,Nike,Tucson Premium Outlets,Tucson,AZ,85742-8545,USA,2015-10-01,32.374912,-111.101944,Arizona
470,NIKE_OWNED_STORE,15207710080,Nike Clearance Store - Tucson,NORTH_AMERICA,Nike,5325 S. Calle Santa Cruz,Tucson,AZ,85714-3963,USA,2023-04-27,32.1549254,-110.9890754,Arizona
317,NIKE_OWNED_STORE,18019011232,Nike Unite - Lehi,NORTH_AMERICA,Nike,Outlets at Traverse Mountain,Lehi,UT,84043-3882,USA,2012-11-15,40.434678,-111.884048,Utah
464,NIKE_OWNED_STORE,13852746611,Nike Well Collective - Riverton,NORTH_AMERICA,Nike,13348 Teal Ridge Way Suite N-140,Riverton,UT,84096-0000,USA,2022-09-29,40.5087377,-111.994974,Utah
342,NIKE_OWNED_STORE,18012821269,Nike Factory Store - West Jordan,NORTH_AMERICA,Nike,Jordan Landing,West Jordan,UT,84084-5534,USA,2010-11-16,40.622379,-111.979776,Utah
61,NIKE_OWNED_STORE,14356497442,Nike Factory Store - Park City,NORTH_AMERICA,Nike,Outlets Park City,Park City,UT,84098-4529,USA,1991-12-18,40.725961,-111.552636,Utah
287,NIKE_OWNED_STORE,18014515492,Nike Factory Store - Farmington,NORTH_AMERICA,Nike,210 North Station Parkway,Farmington,UT,84025-2881,USA,2018-04-26,40.98458,-111.903551,Utah
205,NIKE_OWNED_STORE,12088983457,Nike Unite - Meridian,NORTH_AMERICA,Nike,Village at Meridian,Meridian,ID,83646-6286,USA,2012-10-25,43.6244865,-116.3517261,Idaho
162,NIKE_OWNED_STORE,19158773146,Nike Factory Store - Canutillo,NORTH_AMERICA,Nike,The Outlet Shoppes at El Paso,Canutillo,TX,79835-8594,USA,2007-10-11,31.912826,-106.585451,Texas
53,NIKE_OWNED_STORE,15413827700,Nike Factory Store - Bend,NORTH_AMERICA,Nike,Bend Factory Stores,Bend,OR,97702-3287,USA,1998-09-19,44.026219,-121.313306,Oregon
319,NIKE_OWNED_STORE,15416863141,Nike Well Collective - Eugene,NORTH_AMERICA,Nike,5th Street Market,Eugene,OR,97401-2780,USA,2021-01-21,44.053464,-123.090105,Oregon
129,NIKE_OWNED_STORE,15039820330,Nike Factory Store - Woodburn,NORTH_AMERICA,Nike,Woodburn Premium Outlets,Woodburn,OR,97071-8458,USA,2005-10-26,45.157412,-122.876818,Oregon
178,NIKE_OWNED_STORE,15415571653,Nike Factory Store - Lincoln City,NORTH_AMERICA,Nike,Lincoln City Outlets,Lincoln City,OR,97367-2661,USA,2008-03-11,44.959388,-124.01112,Oregon
533,NIKE_OWNED_STORE,15035427455,Nike Well Collective - Bridgeport Village,NORTH_AMERICA,Nike,Bridgeport Village,Tigard,OR,97224-7765,USA,2023-05-11,45.3967345,-122.7518181,Oregon
368,NIKE_OWNED_STORE,+1 (503) 221-6453,Nike Portland,NORTH_AMERICA,Nike,Kress Building,Portland,OR,97204,USA,2011-11-03,45.518918,-122.677139,Oregon
462,NIKE_OWNED_STORE,17192120048,Nike Well Collective - Colorado Springs,NORTH_AMERICA,Nike,Suite 309,Colorado Springs,CO,80920-7691,USA,2023-01-26,38.96266,-104.79524,Colorado
7,NIKE_OWNED_STORE,13032711928,Nike Factory Store - Lakewood,NORTH_AMERICA,Nike,14500 W Colfax Ave.  Suite 105B,Lakewood,CO,80401-3203,USA,2008-06-17,39.731476,-105.161397,Colorado
453,NIKE_OWNED_STORE,+1 (720) 743-3140,Nike Well Collective - Boulder,NORTH_AMERICA,Nike,"1755 29th Street, Suite #1096",Boulder,CO,80301,USA,2022-03-17,40.01813929287229,-105.25619873014483,Colorado
73,NIKE_OWNED_STORE,13036883013,Nike Factory Store - Castle Rock,NORTH_AMERICA,Nike,Outlets at Castle Rock,Castle Rock,CO,80108-1921,USA,1997-09-25,39.416603,-104.875015,Colorado
230,NIKE_OWNED_STORE,1-800-344-6453,Nike Clearance Store - Aurora,NORTH_AMERICA,Nike,15700 E Briarwood Circle,Aurora,CO,80016,USA,2021-11-11,39.592967828853546,-104.80941256874698,Colorado
450,NIKE_OWNED_STORE,13033390514,Nike Factory Store - Northfield,NORTH_AMERICA,Nike,"8230 E Northfield Blvd, #1370",Denver,CO,80238-3180,USA,2023-02-16,39.7826576,-104.8923802,Colorado
290,NIKE_OWNED_STORE,13033253101,Nike Factory Store - Thornton,NORTH_AMERICA,Nike,Denver Premium Outlets,Thornton,CO,80023-0001,USA,2018-09-27,39.947957,-104.986409,Colorado
292,NIKE_OWNED_STORE,19706636570,Nike Unite - Fort Collins,NORTH_AMERICA,Nike,2721 Council Tree Ave. #101,Fort Collins,CO,80525-6313,USA,2021-02-18,40.525133,-105.026514,Colorado
26,NIKE_OWNED_STORE,15037383930,Nike Factory Store - Seaside,NORTH_AMERICA,Nike,Seaside Factory Stores,Seaside,OR,97138-4606,USA,1998-11-14,45.999007,-123.917725,Oregon
148,NIKE_OWNED_STORE,+1 (360) 736-7434,Nike Clearance Store - Centralia,NORTH_AMERICA,Nike,109 W. High St.,Centralia,WA,98531,USA,2018-01-01,46.724148,-122.976028,Washington
215,NIKE_OWNED_STORE,12533335074,Nike Clearance Store - Auburn,NORTH_AMERICA,Nike,Auburn - Outlet Collection of Seattle,Auburn,WA,98001-0000,USA,2013-10-03,47.298408,-122.24392,Washington
289,NIKE_OWNED_STORE,15096244524,Nike Factory Store - Spokane,NORTH_AMERICA,Nike,618 W Main Ave,Spokane,WA,99201-0641,USA,2018-06-14,47.659343,-117.421862,Washington
206,NIKE_OWNED_STORE,18067851321,Nike Factory Store - Lubbock,NORTH_AMERICA,Nike,West End Shopping Center Lubbock,Lubbock,TX,79407-1649,USA,2015-11-05,33.567597,-101.947408,Texas
76,NIKE_OWNED_STORE,14258317900,Nike Factory Store - North Bend,NORTH_AMERICA,Nike,"661 S Fork Ave., Suite H",North Bend,WA,98045-8936,USA,1987-11-13,47.489906,-121.796038,Washington
266,NIKE_OWNED_STORE,4257472848,Nike Factory Store - Bellevue,NORTH_AMERICA,Nike,Marketplace at Factoria,Bellevue,WA,98006,USA,2018-01-01,47.574176,-122.171185,Washington
536,NIKE_OWNED_STORE,14254400431,Nike Bellevue Square,NORTH_AMERICA,Nike,565 Bellevue Square,Bellevue,WA,98004-5021,USA,2023-04-06,47.61619,-122.20386,Washington
125,NIKE_OWNED_STORE,13607163120,Nike Factory Store - Tulalip,NORTH_AMERICA,Nike,Seattle Premium Outlets,Tulalip,WA,98271-8093,USA,2005-05-05,48.092075,-122.187641,Washington
331,NIKE_OWNED_STORE,14054955935,Nike Factory Store - Oklahoma City,NORTH_AMERICA,Nike,OKC Outlets,Oklahoma City,OK,73127-9775,USA,2011-08-04,35.461885,-97.648258,Oklahoma
571,NIKE_OWNED_STORE,12107450506,Nike Well Collective - La Cantera,NORTH_AMERICA,Nike,"15900 La Cantera Pkwy, STE 1600",San Antonio,TX,78256-2587,USA,2023-05-31,29.5928668,-98.6106994,Texas
265,NIKE_OWNED_STORE,19567128018,Nike Clearance Store - Laredo,NORTH_AMERICA,Nike,The Outlet Shoppes at Laredo,Laredo,TX,78040-5949,USA,2017-03-16,27.501987,-99.512312,Texas
260,NIKE_OWNED_STORE,12105687099,Nike Unite - The Quarry,NORTH_AMERICA,Nike,255 E. Basse Rd STE1040,San Antonio,TX,78209-8338,USA,2020-11-12,29.495991,-98.48135,Texas
463,NIKE_OWNED_STORE,18174844957,Nike Well Collective - University Park Village,NORTH_AMERICA,Nike,1540 S. University Dr. Suite 112,Fort Worth,TX,76107-6508,USA,2022-11-17,32.7295959,-97.3615734,Texas
286,NIKE_OWNED_STORE,682-831-1475,Nike Factory Store - Fort Worth,NORTH_AMERICA,Nike,Tanger Outlet Center - Fort Worth,Fort Worth,TX,76177,USA,2018-01-01,33.022536,-97.281701,Texas
461,NIKE_OWNED_STORE,16822232378,Nike Well Collective - Southlake,NORTH_AMERICA,Nike,167 Grand Avenue,Southlake,TX,76092-7606,USA,2022-11-03,32.9421672,-97.1304905,Texas
42,NIKE_OWNED_STORE,15123538500,Nike Factory Store - San Marcos,NORTH_AMERICA,Nike,San Marcos Premium Outlets,San Marcos,TX,78666-5959,USA,1991-01-25,29.82848,-97.983402,Texas
135,NIKE_OWNED_STORE,19723552487,Nike Clearance Store - Grapevine,NORTH_AMERICA,Nike,Grapevine Mills,Grapevine,TX,76051-2020,USA,2006-05-10,32.964627,-97.044235,Texas
139,NIKE_OWNED_STORE,15128689511,Nike Factory Store - Round Rock,NORTH_AMERICA,Nike,Round Rock Premium Outlets,Round Rock,TX,78664-2675,USA,2006-08-03,30.564641,-97.689922,Texas
430,NIKE_OWNED_STORE,15122154130,Nike Well Collective - Domain Northside,NORTH_AMERICA,Nike,"11600 Rock Rose Ave, Suite W4",Austin,TX,78758-7976,USA,2021-07-01,30.4019765,-97.7226474,Texas
357,NIKE_OWNED_STORE,19725225970,Nike Factory Store - Grand Prairie,NORTH_AMERICA,Nike,Paragon Outlets Grand Prairie,Grand Prairie,TX,75052-8037,USA,2012-08-16,32.679316,-97.052158,Texas
427,NIKE_OWNED_STORE,15122154001,Nike Well Collective - South Congress,NORTH_AMERICA,Nike,1221 South Congress Ave,Austin,TX,78704-2403,USA,2021-05-06,30.251549,-97.748694,Texas
398,NIKE_OWNED_STORE,14692173840,Nike Well Collective - Legacy West,NORTH_AMERICA,Nike,"7400 Windrose Ave., Suite B105",Plano,TX,75024-0161,USA,2021-05-27,33.0792702,-96.8260963,Texas
512,NIKE_OWNED_STORE,19454682022,Nike NorthPark,NORTH_AMERICA,Nike,"8687 N Central Expy, Suite 1620",Dallas,TX,75225-4500,USA,2023-08-03,32.868639,-96.7739298,Texas
132,NIKE_OWNED_STORE,19726784580,Nike Factory Store - Allen,NORTH_AMERICA,Nike,Allen Premium Outlets,Allen,TX,75013-4921,USA,2005-11-11,33.131329,-96.659853,Texas
181,NIKE_OWNED_STORE,19725631882,Nike Factory Store - Terrell,NORTH_AMERICA,Nike,The Shops at Terrell,Terrell,TX,75160-6653,USA,2007-10-24,32.704396,-96.284526,Texas
195,NIKE_OWNED_STORE,+1 (402) 332-5135,Nike Factory Store - Omaha,NORTH_AMERICA,Nike,Omaha - Nebraska Crossings,Gretna,NE,68028,USA,2018-01-01,41.099198,-96.250477,Nebraska
279,NIKE_OWNED_STORE,19562464609,Nike Clearance Store - McAllen,NORTH_AMERICA,Nike,"3300 W Expwy 83, Suite 500",McAllen,TX,78501-8361,USA,2021-10-21,26.1968917,-98.2570135,Texas
115,NIKE_OWNED_STORE,19565652446,Nike Factory Store - Mercedes,NORTH_AMERICA,Nike,Rio Grande Valley Premium Outlets,Mercedes,TX,78570-4573,USA,2006-11-02,26.160495,-97.888858,Texas
130,NIKE_OWNED_STORE,19137887263,Nike Factory Store - Kansas City,NORTH_AMERICA,Nike,Legends at Village West,Kansas City,KS,66111-1902,USA,2006-04-19,39.125783,-94.825727,Kansas
169,NIKE_OWNED_STORE,12817581966,Nike Factory Store - Cypress,NORTH_AMERICA,Nike,Houston Premium Outlets,Cypress,TX,77433-4255,USA,2008-03-27,29.997371,-95.756534,Texas
8,NIKE_OWNED_STORE,12816444901,Nike Factory Store - Katy Mills,NORTH_AMERICA,Nike,5000 Katy Mills Cir.  Suite 202,Katy,TX,77494-4404,USA,2008-04-07,29.774058,-95.809487,Texas
515,NIKE_OWNED_STORE,18162568588,Nike Well Collective - Kansas City,NORTH_AMERICA,Nike,450 Nichols Rd,Kansas City,MO,64112-2005,USA,2023-03-02,39.0414464,-94.5932678,Missouri
397,NIKE_OWNED_STORE,12817199930,Nike Well Collective - The Woodlands,NORTH_AMERICA,Nike,"9595 Six Pines Dr., Suite 85",The Woodlands,TX,77380-1531,USA,2022-10-20,30.1634364,-95.4638973,Texas
229,NIKE_OWNED_STORE,18003446453,Nike Well Collective - CityCentre,NORTH_AMERICA,Nike,"822 Town and Country Blvd, #10",Houston,TX,77024-4659,USA,2022-03-17,29.781622,-95.561044,Texas
257,NIKE_OWNED_STORE,12819980010,Nike Clearance Store - Pasadena,NORTH_AMERICA,Nike,5726 Fairmont Parkway,Pasadena,TX,77505-3906,USA,2017-02-02,29.647242,-95.1533,Texas
321,NIKE_OWNED_STORE,12813373584,Nike Factory Store - Texas City,NORTH_AMERICA,Nike,Tanger Outlet Center - Galveston/Houston,Texas City,TX,77591-7053,USA,2012-10-18,29.425401,-95.060537,Texas
164,NIKE_OWNED_STORE,14173320522,Nike Factory Store - Branson,NORTH_AMERICA,Nike,Tanger Outlet Center - Branson,Branson,MO,65616-2188,USA,2007-11-07,36.644894,-93.263877,Missouri
376,NIKE_OWNED_STORE,15152257085,Nike Factory Store - Des Moines,NORTH_AMERICA,Nike,Jordan Creek Town Center,West Des Moines,IA,50266-8317,USA,2011-11-22,41.564657,-93.805248,Iowa
263,NIKE_OWNED_STORE,15159573151,Nike Factory Store - Altoona,NORTH_AMERICA,Nike,Outlets of Des Moines,Altoona,IA,50009-7612,USA,2018-01-01,41.655186,-93.512446,Iowa
244,NIKE_OWNED_STORE,15014557417,Nike Factory Store - Little Rock East,NORTH_AMERICA,Nike,Outlets of Little Rock,Little Rock,AR,72210-3056,USA,2015-11-12,34.660599,-92.407236,Arkansas
16,NIKE_OWNED_STORE,17634973888,Nike Factory Store - Albertville,NORTH_AMERICA,Nike,Albertville Premium Outlets,Albertville,MN,55301-8800,USA,2000-04-21,45.2448772,-93.6721536,Minnesota
604,NIKE_OWNED_STORE,16124251549,Nike Well Collective - Minnetonka,NORTH_AMERICA,Nike,12401 Wayzata Blvd. Ste 2096,Minnetonka,MN,55303,USA,2023-07-20,44.9676704,-93.4365718,Minnesota
22,NIKE_OWNED_STORE,+1 (319) 668-8047,Nike Clearance Store - Williamsburg  IA,NORTH_AMERICA,Nike,Tanger Outlet Center - Williamsburg,Williamsburg,IA,52361,USA,2018-01-01,41.691791,-92.005572,Iowa
616,NIKE_OWNED_STORE,19528566210,Nike Mall of America,NORTH_AMERICA,Nike,227 West Market,Bloomington,MN,55425,USA,2024-02-08,44.8553974,-93.2423435,Minnesota
234,NIKE_OWNED_STORE,16514545083,Nike Factory Store - Eagan,NORTH_AMERICA,Nike,Simon Outlets Twin Cities,Eagan,MN,55122-4410,USA,2014-08-14,44.815212,-93.216748,Minnesota
202,NIKE_OWNED_STORE,16367782288,Nike Factory Store - Chesterfield,NORTH_AMERICA,Nike,Chesterfield - St. Louis Premium Outlets,Chesterfield,MO,63005-0013,USA,2013-08-22,38.677355,-90.661935,Missouri
598,NIKE_OWNED_STORE,13143900015,Nike Well Collective - Frontenac,NORTH_AMERICA,Nike,"1701 S Lindbergh Blvd, Ste 3A",Saint Louis,MO,63131-3506,USA,2023-11-09,38.63011,-90.40732,Missouri
295,NIKE_OWNED_STORE,12252386320,Nike Unite - Baton Rouge,NORTH_AMERICA,Nike,7445 Corporate Blvd.  #600,Baton Rouge,LA,70809-9101,USA,2022-01-27,30.4332083,-91.1142911,Louisiana
161,NIKE_OWNED_STORE,19013329325,Nike Clearance Store - Memphis,NORTH_AMERICA,Nike,South Plaza Shopping Center,Memphis,TN,38116-6334,USA,2007-10-24,35.036539,-90.027752,Tennessee
245,NIKE_OWNED_STORE,16623495676,Nike Factory Store - Southaven,NORTH_AMERICA,Nike,Southaven Outlets,Southaven,MS,38671-6539,USA,2015-11-20,34.937417,-89.991612,Mississippi
163,NIKE_OWNED_STORE,12256444265,Nike Factory Store - Gonzales,NORTH_AMERICA,Nike,Tanger Outlet Center - Gonzales,Gonzales,LA,70737-5764,USA,2007-11-19,30.215107,-90.952299,Louisiana
214,NIKE_OWNED_STORE,16019362154,Nike Factory Store - Pearl,NORTH_AMERICA,Nike,Outlets of Mississippi,Pearl,MS,39208-9249,USA,2013-11-13,32.273391,-90.153847,Mississippi
141,NIKE_OWNED_STORE,16082533247,Nike Factory Store - Wisconsin Dells,NORTH_AMERICA,Nike,Wisconsin Dells Outlet Center,Baraboo,WI,53913-9535,USA,2006-08-06,43.571453,-89.786403,Wisconsin
293,NIKE_OWNED_STORE,15044868067,Nike Community Store - Elmwood,NORTH_AMERICA,Nike,Elmwood Shopping Center,Elmwood,LA,70123-7506,USA,2021-04-14,29.962385,-90.185896,Louisiana
21,NIKE_OWNED_STORE,19206994950,Nike Clearance Store - Johnson Creek,NORTH_AMERICA,Nike,"575 W. Linmar Lane, Suite A10",Johnson Creek,WI,53038-9543,USA,1998-05-16,43.087778,-88.765188,Wisconsin
122,NIKE_OWNED_STORE,16305859568,Nike Factory Store - Aurora,NORTH_AMERICA,Nike,Chicago Premium Outlets,Aurora,IL,60502-2905,USA,2004-05-19,41.800225,-88.272199,Illinois
437,NIKE_OWNED_STORE,13312313541,Nike Well Collective - Naperville,NORTH_AMERICA,Nike,217 S. Main St,Naperville,IL,60540-5318,USA,2021-11-04,41.7725436,-88.1497645,Illinois
74,NIKE_OWNED_STORE,12288222533,Nike Factory Store - Gulfport,NORTH_AMERICA,Nike,Gulfport Premium Outlets,Gulfport,MS,39503-4234,USA,1997-11-21,30.428542,-89.100351,Mississippi
70,NIKE_OWNED_STORE,19202321002,Nike Factory Store - Oshkosh,NORTH_AMERICA,Nike,The Outlet Shoppes at Oshkosh,Oshkosh,WI,54904-9008,USA,2008-10-14,43.985282,-88.584373,Wisconsin
99,NIKE_OWNED_STORE,16309280242,Nike Factory Store - Oak Brook,NORTH_AMERICA,Nike,"2155 W 22nd Street, Suite 5",Oak Brook,IL,60523-1758,USA,2018-06-21,41.845133,-87.96955,Illinois
136,NIKE_OWNED_STORE,18478550857,Nike Clearance Store - Gurnee,NORTH_AMERICA,Nike,Gurnee Mills,Gurnee,IL,60031-4548,USA,2006-05-19,42.38883,-87.956999,Illinois
208,NIKE_OWNED_STORE,18479282720,Nike Factory Store - Rosemont,NORTH_AMERICA,Nike,Fashion Outlets of Chicago - Rosemont,Rosemont,IL,60018-5326,USA,2013-08-01,41.974881,-87.868099,Illinois
25,NIKE_OWNED_STORE,12628577333,Nike Factory Store - Pleasant Prairie,NORTH_AMERICA,Nike,Pleasant Prairie Premium Outlets,Pleasant Prairie,WI,53158-1710,USA,1985-10-01,42.518458,-87.949829,Wisconsin
457,NIKE_OWNED_STORE,14142698605,Nike Well Collective - Bayshore,NORTH_AMERICA,Nike,5695 N Centerpark Way #N127,Glendale,WI,53217-4539,USA,2022-03-31,43.1208831,-87.9152165,Wisconsin
160,NIKE_OWNED_STORE,17738465460,Nike Unite - South Chicago,NORTH_AMERICA,Nike,Chatham Village Square,Chicago,IL,60619-6116,USA,2007-05-24,41.739983,-87.605349,Illinois
60,NIKE_OWNED_STORE,13126426363,Nike Chicago,NORTH_AMERICA,Nike,669 N Michigan Avenue,Chicago,IL,60611-2801,USA,2012-09-24,41.894438,-87.623737,Illinois
460,NIKE_OWNED_STORE,16153691357,Nike Well Collective - Downtown Nashville,NORTH_AMERICA,Nike,5046 Broadway Place,Nashville,TN,37203-5765,USA,2022-05-26,36.1605848,-86.7799383,Tennessee
137,NIKE_OWNED_STORE,12198791320,Nike Factory Store - Michigan City,NORTH_AMERICA,Nike,Lighthouse Place Premium Outlets,Michigan City,IN,46360-3462,USA,2006-05-31,41.715567,-86.907563,Indiana
172,NIKE_OWNED_STORE,16155140204,Nike Factory Store - Nashville,NORTH_AMERICA,Nike,Opry Mills Mall,Nashville,TN,37214-2433,USA,2001-11-02,36.20399,-86.691497,Tennessee
490,NIKE_OWNED_STORE,16292130720,Nike Unite - Antioch,NORTH_AMERICA,Nike,"4060 Cane Ridge Parkway,#301",Antioch,TN,37013-5552,USA,2023-10-26,36.0339736,-86.643811,Tennessee
90,NIKE_OWNED_STORE,12519702900,Nike Factory Store - Foley,NORTH_AMERICA,Nike,"2601 S Mckenzie St., Suite 300",Foley,AL,36535-3465,USA,1998-05-09,30.375701,-87.679365,Alabama
473,NIKE_OWNED_STORE,12055730419,Nike Well Collective - Birmingham,NORTH_AMERICA,Nike,240 Summit Blvd Suite 100,Birmingham,AL,35243-3101,USA,2023-08-03,33.4465154,-86.7296322,Alabama
459,NIKE_OWNED_STORE,317-222-1293,Nike Well Collective - Keystone,NORTH_AMERICA,Nike,"8701 Keystone Crossing, Space 25C",Indianapolis,IN,46240,USA,2022-05-26,39.9138858,-86.108717,Indiana
6,NIKE_OWNED_STORE,18125268111,Nike Factory Store - Edinburgh,NORTH_AMERICA,Nike,Edinburgh Premium Outlets,Edinburgh,IN,46124-9133,USA,1998-07-04,39.308455,-85.960796,Indiana
570,NIKE_OWNED_STORE,15022120974,Nike Well Collective - Louisville,NORTH_AMERICA,Nike,"7900 Shelbyville Rd, C02",Louisville,KY,40222-5475,USA,2023-05-25,38.2470462,-85.6099166,Kentucky
233,NIKE_OWNED_STORE,15027225776,Nike Factory Store - Simpsonville,NORTH_AMERICA,Nike,The Outlet Shoppes of the Bluegrass,Simpsonville,KY,40067-7688,USA,2014-07-03,38.206633,-85.352472,Kentucky
197,NIKE_OWNED_STORE,16165830754,Nike Factory Store - Grand Rapids,NORTH_AMERICA,Nike,Tanger Outlet Center - Grand Rapids,Byron Center,MI,49315-7004,USA,2018-01-01,42.808985,-85.670428,Michigan
89,NIKE_OWNED_STORE,18506500111,Nike Factory Store - Destin,NORTH_AMERICA,Nike,Silver Sands Factory Store,Destin,FL,32550-7120,USA,1999-05-29,30.3798228,-86.3516468,Florida
521,NIKE_OWNED_STORE,18593096346,Nike Well Collective - Lexington,NORTH_AMERICA,Nike,"4084 Finn Way, Suite 130",Lexington,KY,40517-8388,USA,2022-11-17,37.9760381,-84.5277088,Kentucky
58,NIKE_OWNED_STORE,17066252626,Nike Factory Store - Calhoun,NORTH_AMERICA,Nike,Calhoun Premium Outlets,Calhoun,GA,30701-3959,USA,1992-10-14,34.462794,-84.918531,Georgia
378,NIKE_OWNED_STORE,15135394645,Nike Factory Store - Cincinnati,NORTH_AMERICA,Nike,Cincinnati Premium Outlets,Monroe,OH,45050-1835,USA,2009-08-06,39.433715,-84.33659,Ohio
343,NIKE_OWNED_STORE,16784452487,Nike Factory Store - Atlanta Woodstock,NORTH_AMERICA,Nike,The Outlet Shoppes at Atlanta,Woodstock,GA,30188-0027,USA,2013-07-17,34.119944,-84.525662,Georgia
296,NIKE_OWNED_STORE,18656227656,Nike Unite - Knoxville,NORTH_AMERICA,Nike,11275 Parkside Dr.,Knoxville,TN,37934-1964,USA,2022-04-28,35.9017993,-84.1571155,Tennessee
272,NIKE_OWNED_STORE,404-835-1138,Nike Unite - Atlantic Station,NORTH_AMERICA,Nike,"1381 Market Street NW., Suite 13100",Atlanta,GA,30363,USA,2020-11-19,33.792737,-84.394719,Georgia
201,NIKE_OWNED_STORE,14048465549,Nike Atlanta,NORTH_AMERICA,Nike,Lenox Square,Atlanta,GA,30326-1162,USA,2013-10-30,33.847986,-84.362967,Georgia
32,NIKE_OWNED_STORE,15175526453,Nike Factory Store - Howell,NORTH_AMERICA,Nike,Tanger Outlet Center - Howell,Howell,MI,48855-8288,USA,1998-10-24,42.620401,-83.996314,Michigan
428,NIKE_OWNED_STORE,14043801584,Nike Well Collective - Ponce City Market,NORTH_AMERICA,Nike,675 Ponce De Leon Ave NE E-184,Atlanta,GA,30308-1884,USA,2021-11-18,33.7717707,-84.3655446,Georgia
436,NIKE_OWNED_STORE,18003446453,Nike Well Collective - Alpharetta,NORTH_AMERICA,Nike,7110 Avalon Blvd,Alpharetta,GA,30009-2450,USA,2021-12-09,34.0710636,-84.2744985,Georgia
14,NIKE_OWNED_STORE,17062167779,Nike Factory Store - Dawsonville,NORTH_AMERICA,Nike,North Georgia Premium Outlets,Dawsonville,GA,30534-8098,USA,1999-09-04,34.359489,-84.048611,Georgia
9,NIKE_OWNED_STORE,16788475140,Nike Factory Store - Lawrenceville,NORTH_AMERICA,Nike,Sugarloaf Mills,Lawrenceville,GA,30043-7857,USA,2008-04-29,33.98079,-84.080263,Georgia
34,NIKE_OWNED_STORE,19896246100,Nike Factory Store - Birch Run,NORTH_AMERICA,Nike,Birch Run Premium Outlets,Birch Run,MI,48415-9411,USA,1989-09-24,43.247868,-83.776267,Michigan
142,NIKE_OWNED_STORE,17709146877,Nike Factory Store - Locust Grove,NORTH_AMERICA,Nike,Tanger Outlet Center - Locust Grove,Locust Grove,GA,30248-3654,USA,2007-03-04,33.347953,-84.122148,Georgia
107,NIKE_OWNED_STORE,18657747743,Nike Factory Store - Sevierville,NORTH_AMERICA,Nike,Tanger Outlet Center - Sevierville,Sevierville,TN,37862-6867,USA,2001-07-13,35.833467,-83.570423,Tennessee
23,NIKE_OWNED_STORE,18654537907,Nike Clearance Store - Pigeon Forge,NORTH_AMERICA,Nike,The Tower Shops at the Mountain Mile,Pigeon Forge,TN,37863-3475,USA,1986-03-01,35.8065414,-83.5703607,Tennessee
338,NIKE_OWNED_STORE,12488589291,Nike Clearance Store - Auburn Hills,NORTH_AMERICA,Nike,Great Lakes Crossing,Auburn Hills,MI,48326-1282,USA,2008-05-29,42.703204,-83.29992,Michigan
487,NIKE_OWNED_STORE,12482510180,Nike Somerset Collection North,NORTH_AMERICA,Nike,"2800 W Big Beaver Rd, R236",Troy,MI,48084-3219,USA,2023-09-07,42.5629218,-83.1841279,Michigan
217,NIKE_OWNED_STORE,17409652887,Nike Factory Store - Columbus,NORTH_AMERICA,Nike,Outlets at Columbus,Sunbury,OH,43074-7536,USA,2016-05-23,40.259741,-82.925652,Ohio
432,NIKE_OWNED_STORE,13802040531,Nike Well Collective - Easton,NORTH_AMERICA,Nike,Easton Town Center,Columbus,OH,43219-6067,USA,2021-07-01,40.049246,-82.916049,Ohio
2,NIKE_OWNED_STORE,17063355502,Nike Unite - Commerce,NORTH_AMERICA,Nike,800 Steven B Tanger Blvd #810,Commerce,GA,30529-3582,USA,1998-01-24,34.2489384,-83.4754408,Georgia
251,NIKE_OWNED_STORE,13139653319,Nike Community Store - Detroit,NORTH_AMERICA,Nike,1261 Woodward Ave,Detroit,MI,48226-2006,USA,2016-05-26,42.333655,-83.048669,Michigan
242,NIKE_OWNED_STORE,18286652787,Nike Factory Store - Asheville,NORTH_AMERICA,Nike,Asheville Outlets,Asheville,NC,28806-2349,USA,2015-04-30,35.52923,-82.602941,North Carolina
465,NIKE_OWNED_STORE,14403850145,Nike Well Collective - Crocker Park,NORTH_AMERICA,Nike,236 Main Street,Westlake,OH,44145-8146,USA,2023-04-06,41.456221,-81.9518489,Ohio
452,NIKE_OWNED_STORE,14406008303,Nike Well Collective - Pinecrest,NORTH_AMERICA,Nike,"400 Park Ave., Ste 172",Orange Village,OH,44122-4234,USA,2022-01-27,41.4512,-81.48563,Ohio
144,NIKE_OWNED_STORE,13309953080,Nike Factory Store - Aurora Farms,NORTH_AMERICA,Nike,Aurora Farms Premium Outlets,Aurora,OH,44202-7804,USA,2006-10-25,41.30127,-81.339789,Ohio
69,NIKE_OWNED_STORE,18644877820,Nike Factory Store - Gaffney,NORTH_AMERICA,Nike,Gaffney Premium Outlets,Gaffney,SC,29341-3321,USA,2006-10-11,35.081032,-81.713557,South Carolina
203,NIKE_OWNED_STORE,17045040876,Nike Factory Store - Charlotte,NORTH_AMERICA,Nike,Charlotte Premium Outlets,Charlotte,NC,28278-0066,USA,2014-07-31,35.16942,-80.96949,North Carolina
261,NIKE_OWNED_STORE,13523727213,Nike Factory Store - Gainesville,NORTH_AMERICA,Nike,Celebration Pointe,Gainesville,FL,32608-5079,USA,2018-04-19,29.624862,-82.396078,Florida
175,NIKE_OWNED_STORE,17049791230,Nike Clearance Store - Concord,NORTH_AMERICA,Nike,Concord Mills,Concord,NC,28027-6460,USA,2004-08-06,35.370556,-80.723812,North Carolina
166,NIKE_OWNED_STORE,17242287357,Nike Factory Store - Pittsburgh,NORTH_AMERICA,Nike,Tanger Outlet Center - Pittsburgh,Washington,PA,15301-7939,USA,2008-09-01,40.217942,-80.211772,Pennsylvania
65,NIKE_OWNED_STORE,17247485138,Nike Factory Store - Grove City,NORTH_AMERICA,Nike,Grove City Premium Outles,Grove City,PA,16127-3356,USA,1995-02-27,41.139517,-80.157792,Pennsylvania
226,NIKE_OWNED_STORE,19124506444,Nike Factory Store - Savannah,NORTH_AMERICA,Nike,Outlet Mall of Georgia,Pooler,GA,31322-3502,USA,2015-04-16,32.134402,-81.242571,Georgia
235,NIKE_OWNED_STORE,18139091573,Nike Factory Store - Tampa,NORTH_AMERICA,Nike,Tampa Premium Outlets,Lutz,FL,33559-6839,USA,2015-10-29,28.190071,-82.390006,Florida
431,NIKE_OWNED_STORE,18133331718,Nike Well Collective - Hyde Park Village,NORTH_AMERICA,Nike,1520 W Swann Ave,Tampa,FL,33606-0000,USA,2021-12-13,27.9371778,-82.4753608,Florida
63,NIKE_OWNED_STORE,19417220096,Nike Factory Store - Ellenton,NORTH_AMERICA,Nike,Ellenton Premium Outlets,Ellenton,FL,34222-4122,USA,1991-10-10,27.535599,-82.507728,Florida
92,NIKE_OWNED_STORE,18438376453,Nike Factory Store - Bluffton,NORTH_AMERICA,Nike,Tanger Outlet Center - Hilton Head,Bluffton,SC,29910-6583,USA,1997-04-11,32.239708,-80.819466,South Carolina
102,NIKE_OWNED_STORE,19048105584,Nike Factory Store - St Augustine,NORTH_AMERICA,Nike,St. Augustine Premium Outlets,St Augustine,FL,32092-0763,USA,1999-07-31,29.926465,-81.418945,Florida
284,NIKE_OWNED_STORE,14075544675,Nike Factory Store - Winter Garden,NORTH_AMERICA,Nike,Winter Garden Village,Winter Garden,FL,34787-7006,USA,2018-12-13,28.524416,-81.583771,Florida
165,NIKE_OWNED_STORE,17162985615,Nike Clearance Store - Niagara Falls,NORTH_AMERICA,Nike,Fashion Outlets of Niagara Falls,Niagara Falls,NY,14304-1772,USA,2008-06-10,43.097456,-78.980625,New York
101,NIKE_OWNED_STORE,18437443966,Nike Factory Store - Charleston,NORTH_AMERICA,Nike,Tanger Outlet Center - Charleston,North Charleston,SC,29418-6958,USA,2006-08-02,32.872686,-80.016893,South Carolina
97,NIKE_OWNED_STORE,14073971979,Nike Factory Store - Celebration,NORTH_AMERICA,Nike,Shoppes at the Parkway - Celebration,Kissimmee,FL,34747-4512,USA,1999-03-13,28.333939,-81.530637,Florida
96,NIKE_OWNED_STORE,14072393663,Nike Factory Store - Orlando Vineland,NORTH_AMERICA,Nike,Orlando Premium Outlets,Orlando,FL,32819-8617,USA,2000-05-25,28.386173,-81.493748,Florida
370,NIKE_OWNED_STORE,19195632172,Nike Factory Store - Mebane,NORTH_AMERICA,Nike,Tanger Outlet Center - Mebane,Mebane,NC,27302-7648,USA,2010-11-05,36.074074,-79.266198,North Carolina
88,NIKE_OWNED_STORE,14073519400,Nike Factory Store - Orlando International,NORTH_AMERICA,Nike,4977 International Dr. #3B-13,Orlando,FL,32819-6234,USA,1997-12-12,28.476218,-81.449292,Florida
204,NIKE_OWNED_STORE,14073523488,Nike Clearance Store - Orlando Marketplace,NORTH_AMERICA,Nike,Orlando Premium Outlets-International Dr,Orlando,FL,32819-9426,USA,2015-05-07,28.468446,-81.451038,Florida
128,NIKE_OWNED_STORE,14074770463,Nike Factory Store - Lake Buena Vista,NORTH_AMERICA,Nike,15609 State Road 535,Orlando,FL,32821-5608,USA,2005-09-13,28.350281,-81.485672,Florida
249,NIKE_OWNED_STORE,13862742849,Nike Factory Store - Daytona Beach,NORTH_AMERICA,Nike,Tanger Outlet Center - Daytona Beach,Daytona Beach,FL,32117-7102,USA,2016-11-18,29.212485,-81.098858,Florida
291,NIKE_OWNED_STORE,14073960500,Nike Clearance Store - Kissimmee,NORTH_AMERICA,Nike,2671 W Osceola Pkwy Unit B,Kissimmee,FL,34741-0604,USA,2009-05-16,28.343809,-81.42905,Florida
280,NIKE_OWNED_STORE,13212060347,Nike Unite - Waterford Lakes,NORTH_AMERICA,Nike,481 N Alafaya Trail,Orlando,FL,32828-7017,USA,2022-04-28,28.5536546,-81.2036868,Florida
458,NIKE_OWNED_STORE,19193420116,Nike Well Collective - Cary,NORTH_AMERICA,Nike,"4 Fenton Main St, Suite #140",Cary,NC,27511-7746,USA,2022-06-02,35.780401,-78.757648,North Carolina
67,NIKE_OWNED_STORE,12399484100,Nike Factory Store - Estero,NORTH_AMERICA,Nike,Miromar Outlets,Estero,FL,33928-9431,USA,1998-10-31,26.435924,-81.777071,Florida
78,NIKE_OWNED_STORE,18439030110,Nike Factory Store - Myrtle Beach,NORTH_AMERICA,Nike,Tanger Outlet Center - Myrtle Beach,Myrtle Beach,SC,29579-0963,USA,1998-03-28,33.752314,-78.960667,South Carolina
40,NIKE_OWNED_STORE,19199896100,Nike Factory Store - Smithfield,NORTH_AMERICA,Nike,Carolina Premium Outlets - Smithfield,Smithfield,NC,27577-6039,USA,1990-06-23,35.510884,-78.312373,North Carolina
71,NIKE_OWNED_STORE,17037713060,Nike Factory Store - Leesburg,NORTH_AMERICA,Nike,241 Fort Evans Rd. NE  #510,Leesburg,VA,20176-4040,USA,1998-10-31,39.105181,-77.538896,Virginia
448,NIKE_OWNED_STORE,17039883349,Nike Unite - Fairfax,NORTH_AMERICA,Nike,13027 Fair Lakes Shopping Cent,Fairfax,VA,22033-5179,USA,2022-05-26,38.8567484,-77.3912056,Virginia
256,NIKE_OWNED_STORE,13015407369,Nike Factory Store - Clarksburg,NORTH_AMERICA,Nike,Clarksburg Premium Outlets,Clarksburg,MD,20871-6386,USA,2016-10-27,39.2282095,-77.2858523,Maryland
174,NIKE_OWNED_STORE,17034974513,Nike Clearance Store - Woodbridge,NORTH_AMERICA,Nike,Potomac Mills,Woodbridge,VA,22192-4656,USA,2016-06-20,38.643405,-77.296179,Virginia
538,NIKE_OWNED_STORE,12402048063,Nike Well Collective - Bethesda,NORTH_AMERICA,Nike,7117 Arlington Road Space U,Bethesda,MD,20814-7910,USA,2023-05-25,38.9811722,-77.0968706,Maryland
138,NIKE_OWNED_STORE,13155394094,Nike Factory Store - Finger Lakes,NORTH_AMERICA,Nike,Waterloo Premium Outlets,Waterloo,NY,13165-5569,USA,2006-05-24,42.956824,-76.91868,New York
468,NIKE_OWNED_STORE,13019604100,Nike Unite - Silver Spring,NORTH_AMERICA,Nike,910 Ellsworth Dr.,Silver Spring,MD,20910-4401,USA,2023-02-23,38.9959644,-77.0259056,Maryland
482,NIKE_OWNED_STORE,12029254856,Nike Unite - H Street,NORTH_AMERICA,Nike,700 H Street Northeast,Washington,DC,20002-3627,USA,2023-02-16,38.9004204,-76.9959563,
212,NIKE_OWNED_STORE,13018391302,Nike Factory Store - National Harbor,NORTH_AMERICA,Nike,Tanger Outlet Center - National Harbor,National Harbor,MD,20745-4715,USA,2013-11-21,38.794257,-77.000626,Maryland
420,NIKE_OWNED_STORE,12402066501,Nike Unite - Glenarden,NORTH_AMERICA,Nike,Suite 518,Lanham,MD,20706-1637,USA,2023-03-09,38.92127,-76.84644,Maryland
481,NIKE_OWNED_STORE,17173125203,Nike Unite - Hershey,NORTH_AMERICA,Nike,137 Outlet Square,Hershey,PA,17033-2747,USA,2023-03-02,40.2960731,-76.6464604,Pennsylvania
27,NIKE_OWNED_STORE,14103791587,Nike Factory Store - Hanover,NORTH_AMERICA,Nike,Arundel Mills,Hanover,MD,21076-1288,USA,2008-11-20,39.159573,-76.724113,Maryland
703,NIKE_OWNED_STORE,15612144582,Nike Palm Beach Gardens,NORTH_AMERICA,Nike,Gardens Mall,Palm Beach Gardens,FL,33410-2813,USA,2023-11-09,26.8484939,-80.0845617,Florida
213,NIKE_OWNED_STORE,+1 (561) 615-4050,Nike Factory Store - West Palm Beach,NORTH_AMERICA,Nike,Palm Beach Fashion Outlets,West Palm Beach,FL,33401,USA,2018-01-01,26.724615,-80.086923,Florida
131,NIKE_OWNED_STORE,19548370329,Nike Factory Store - Sawgrass Mills,NORTH_AMERICA,Nike,12801 W Sunrise Blvd.  #1005,Sunrise,FL,33323-4007,USA,2006-05-25,26.151941,-80.321429,Florida
220,NIKE_OWNED_STORE,19544417556,Nike Factory Store - Pembroke Pines,NORTH_AMERICA,Nike,The Shops at Pembroke Gardens,Pembroke Pines,FL,33027-1450,USA,2016-08-18,26.00232,-80.336404,Florida
41,NIKE_OWNED_STORE,17575652963,Nike Factory Store - Williamsburg  VA,NORTH_AMERICA,Nike,Williamsburg Premium Outlets,Williamsburg,VA,23188-1941,USA,1990-09-01,37.318265,-76.737637,Virginia
405,NIKE_OWNED_STORE,18008066453,Nike Clearance Store - White Marsh,NORTH_AMERICA,Nike,8115A Honeygo Blvd.,Baltimore,MD,21236-8211,USA,2022-06-23,39.3709108,-76.4671984,Maryland
185,NIKE_OWNED_STORE,13057168760,Nike Factory Store - Miami,NORTH_AMERICA,Nike,Dolphin Mall,Miami,FL,33172-6904,USA,2008-09-22,25.787419,-80.382766,Florida
66,NIKE_OWNED_STORE,13052487991,Nike Clearance Store - Florida City,NORTH_AMERICA,Nike,Florida Keys Premium Outlets,Florida City,FL,33034-3526,USA,1995-06-14,25.45236,-80.473683,Florida
469,NIKE_OWNED_STORE,19542376619,Nike Clearance Store - Dania Pointe,NORTH_AMERICA,Nike,166 Sunset Drive,Dania Beach,FL,33004-2153,USA,2022-12-08,26.0537874,-80.1612006,Florida
116,NIKE_OWNED_STORE,17173961040,Nike Factory Store - Lancaster,NORTH_AMERICA,Nike,Tanger Outlet Center - Lancaster,Lancaster,PA,17602-1467,USA,2003-05-16,40.025692,-76.220268,Pennsylvania
478,NIKE_OWNED_STORE,13059219872,Nike Aventura,NORTH_AMERICA,Nike,19501 Biscayne Blvd,Aventura,FL,33180-2342,USA,2022-11-17,25.9568456,-80.1410266,Florida
444,NIKE_OWNED_STORE,17862060518,Nike Well Collective - Brickell,NORTH_AMERICA,Nike,701 S. Miami Ave. #121-A,Miami,FL,33131-1948,USA,2022-08-04,25.76685,-80.1927749,Florida
381,NIKE_OWNED_STORE,13056740352,Nike Miami,NORTH_AMERICA,Nike,1035 Lincoln Road,Miami Beach,FL,33139-2501,USA,2017-01-01,25.790827,-80.139735,Florida
33,NIKE_OWNED_STORE,14108274982,Nike Factory Store - Queenstown,NORTH_AMERICA,Nike,Queenstown Premium Outlets,Queenstown,MD,21658-1398,USA,2008-04-14,38.9821976,-76.1610431,Maryland
224,NIKE_OWNED_STORE,17577760694,Nike Factory Store - Norfolk,NORTH_AMERICA,Nike,Norfolk Premium Outlets,Norfolk,VA,23502-5521,USA,2017-06-29,36.881997,-76.199543,Virginia
442,NIKE_OWNED_STORE,18003446453,Nike Well Collective - Virginia Beach,NORTH_AMERICA,Nike,4537 Main St.,Virginia Beach,VA,23462-3272,USA,2021-12-09,36.8419404,-76.1329135,Virginia
168,NIKE_OWNED_STORE,16103271748,Nike Factory Store - Pottstown,NORTH_AMERICA,Nike,Philadelphia Premium Outlets,Pottstown,PA,19464-7822,USA,2007-11-08,40.235513,-75.568101,Pennsylvania
635,NIKE_OWNED_STORE,12674480103,Nike King of Prussia,NORTH_AMERICA,Nike,Suite 2336,King of Prussia,PA,19406-2953,USA,2023-10-20,40.0873707,-75.3911012,Pennsylvania
120,NIKE_OWNED_STORE,15706889457,Nike Factory Store - Tannersville,NORTH_AMERICA,Nike,The Crossings Premium Outlets,Tannersville,PA,18372-7918,USA,2006-10-08,41.050065,-75.314549,Pennsylvania
429,NIKE_OWNED_STORE,16102851439,Nike Well Collective - Ardmore,NORTH_AMERICA,Nike,61 Anderson Avenue,Ardmore,PA,19003-2423,USA,2021-11-11,40.0092062,-75.2899672,Pennsylvania
281,NIKE_OWNED_STORE,1-267-460-0360,Nike Factory Store - Downtown Philadelphia,NORTH_AMERICA,Nike,"901 Market Street, Space 1095",Philadelphia,PA,19107,USA,2019-09-19,39.951675,-75.155324,Pennsylvania
219,NIKE_OWNED_STORE,18564779160,Nike Unite - Gloucester,NORTH_AMERICA,Nike,100 Premium Outlets Dr #140,Blackwood,NJ,08012-3863,USA,2015-08-03,39.784785,-75.053593,New Jersey
5,NIKE_OWNED_STORE,13022262950,Nike Factory Store - Rehoboth,NORTH_AMERICA,Nike,Tanger Outlet Center - Rehoboth Beach,Rehoboth,DE,19971-4203,USA,1998-05-17,38.71604,-75.11068,Delaware
472,NIKE_OWNED_STORE,18563343564,Nike Well Collective - Marlton,NORTH_AMERICA,Nike,500 Route 73 South,Marlton,NJ,08053-8000,USA,2022-11-17,39.879712,-74.919013,New Jersey
446,NIKE_OWNED_STORE,16094823616,Nike Unite - Princeton,NORTH_AMERICA,Nike,3357 Brunswick Pike  Suite 33,Lawrenceville,NJ,08648-0000,USA,2022-02-17,40.297796,-74.6837199,New Jersey
79,NIKE_OWNED_STORE,17328332202,Nike Factory Store - Jackson,NORTH_AMERICA,Nike,Jackson Premium Outlets,Jackson,NJ,08527-5368,USA,1999-04-03,40.16253,-74.419575,New Jersey
140,NIKE_OWNED_STORE,16093480573,Nike Factory Store - Atlantic City,NORTH_AMERICA,Nike,Tanger Outlet Center - The Walk,Atlantic City,NJ,08401-4112,USA,2007-03-20,39.358977,-74.438037,New Jersey
223,NIKE_OWNED_STORE,19733530350,Nike Factory Store - Newark,NORTH_AMERICA,Nike,The Shoppes at Broad,Newark,NJ,07102-4405,USA,2015-10-01,40.738198,-74.171088,New Jersey
59,NIKE_OWNED_STORE,18459288838,Nike Factory Store - Woodbury,NORTH_AMERICA,Nike,Woodbury Common Premium Outlets,Central Valley,NY,10917-6203,USA,1993-05-01,41.313621,-74.125649,New York
173,NIKE_OWNED_STORE,19086299171,Nike Factory Store - Jersey Gardens,NORTH_AMERICA,Nike,"651 Kapkowski Rd., Space 150",Elizabeth,NJ,07201-4929,USA,2001-11-09,40.660297,-74.170239,New Jersey
471,NIKE_OWNED_STORE,15512821443,Nike Well Collective - Woodcliff Lake,NORTH_AMERICA,Nike,415 Chestnut Ridge Road,Woodcliff Lake,NJ,07677-7679,USA,2022-10-06,41.0408287,-74.0754048,New Jersey
349,NIKE_OWNED_STORE,12018430932,Nike Factory Store - Paramus,NORTH_AMERICA,Nike,The Outlets at Bergen Town Center,Paramus,NJ,07652-5010,USA,2009-03-07,40.9154796,-74.0598406,New Jersey
258,NIKE_OWNED_STORE,13475351030,Nike Factory Store - Staten Island,NORTH_AMERICA,Nike,Empire Outlets,Staten Island,NY,10301-1986,USA,2019-05-15,40.643622,-74.075177,New York
118,NIKE_OWNED_STORE,17326950108,Nike Factory Store - Tinton Falls,NORTH_AMERICA,Nike,Tinton Falls Premium Outlets,Tinton Falls,NJ,07753-7479,USA,2008-11-13,40.222507,-74.095189,New Jersey
454,NIKE_OWNED_STORE,12014847667,Nike Well Collective - Hoboken,NORTH_AMERICA,Nike,222 WASHINGTON ST,Hoboken,NJ,07030-4709,USA,2023-01-26,40.7396178,-74.0306995,New Jersey
475,NIKE_OWNED_STORE,17322685057,Nike Well Collective - Shrewsbury,NORTH_AMERICA,Nike,601 Route 35,Shrewsbury,NJ,07702-4150,USA,2022-06-30,40.3313677,-74.061086,New Jersey
556,NIKE_OWNED_STORE,13322030526,Nike Well Collective - Battery Park,NORTH_AMERICA,Nike,"200 Vesey Street, Suite #118",New York,NY,10281-5524,USA,2023-05-25,40.7136293,-74.015026,New York
325,NIKE_OWNED_STORE,16467163740,Nike Soho,NORTH_AMERICA,Nike,529 Broadway,New York,NY,10012-3927,USA,2016-11-11,40.723214,-73.998834,New York
365,NIKE_OWNED_STORE,12123769480,Nike House of Innovation NYC,NORTH_AMERICA,Nike,650 5th Avenue,New York,NY,10019-6108,USA,2018-11-14,40.759713,-73.976643,New York
359,NIKE_OWNED_STORE,12125351530,Nike Well Collective - Upper East Side,NORTH_AMERICA,Nike,1131 3rd Ave,New York,NY,10065-6229,USA,2013-10-30,40.766174,-73.962985,New York
434,NIKE_OWNED_STORE,16462256537,Nike Well Collective - Williamsburg,NORTH_AMERICA,Nike,81 North 6th Street,Brooklyn,NY,11249-3001,USA,2021-09-23,40.7188693,-73.960679,New York
467,NIKE_OWNED_STORE,16463489860,Nike Unite - Harlem,NORTH_AMERICA,Nike,5 W. 125th Street,New York,NY,10027-4861,USA,2022-10-27,40.806996,-73.942689,New York
253,NIKE_OWNED_STORE,13474149837,Nike Unite - East New York,NORTH_AMERICA,Nike,410 Gateway Drive,Brooklyn,NY,11239-2824,USA,2020-11-12,40.653077,-73.872551,New York
451,NIKE_OWNED_STORE,17183605641,Nike Unite - North Bronx,NORTH_AMERICA,Nike,340 Baychester Ave.,Bronx,NY,10475-4588,USA,2022-09-22,40.8677392,-73.8285814,New York
218,NIKE_OWNED_STORE,17183531694,Nike Clearance Store - Flushing Queens,NORTH_AMERICA,Nike,Sky View Center,Flushing,NY,11354-5111,USA,2015-04-02,40.757456,-73.834699,New York
455,NIKE_OWNED_STORE,19149020050,Nike Well Collective - Scarsdale,NORTH_AMERICA,Nike,696 White Plains Post Road,Eastchester,NY,10583-0000,USA,2022-11-10,40.9709398,-73.8046899,New York
443,NIKE_OWNED_STORE,15163871105,Nike Well Collective - Manhasset,NORTH_AMERICA,Nike,"1950 Northern Blvd., Space A-2",Manhasset,NY,11030-3549,USA,2022-07-21,40.7953544,-73.674867,New York
358,NIKE_OWNED_STORE,15167661229,Nike Factory Store - Oceanside,NORTH_AMERICA,Nike,The Sands Shopping Center - Oceanside,Oceanside,NY,11572-5702,USA,2009-05-05,40.622976,-73.638142,New York
167,NIKE_OWNED_STORE,16312423014,Nike Factory Store - Deer Park,NORTH_AMERICA,Nike,Tanger Outlet Center - Deer Park,Deer Park,NY,11729-7057,USA,2008-10-23,40.762815,-73.305831,New York
3,NIKE_OWNED_STORE,16313690706,Nike Factory Store - Riverhead,NORTH_AMERICA,Nike,Tanger Outlet Center - Riverhead,Riverhead,NY,11901-6402,USA,1998-02-07,40.919515,-72.711662,New York
474,NIKE_OWNED_STORE,18603278030,Nike Well Collective - South Windsor,NORTH_AMERICA,Nike,"501 Evergreen Way, STE 501",South Windsor,CT,06074-6964,USA,2023-05-11,41.8131564,-72.5563182,Connecticut
68,NIKE_OWNED_STORE,18606694410,Nike Factory Store - Clinton,NORTH_AMERICA,Nike,Clinton Crossing Premium Outlets,Clinton,CT,06413-1377,USA,1996-10-24,41.289172,-72.532193,Connecticut
228,NIKE_OWNED_STORE,18603832890,Nike Factory Store - Foxwoods,NORTH_AMERICA,Nike,Tanger Outlet Center - Foxwoods,Mashantucket,CT,06338-0000,USA,2015-05-21,41.475727,-71.959891,Connecticut
355,NIKE_OWNED_STORE,16034246755,Nike Factory Store - Merrimack,NORTH_AMERICA,Nike,Merrimack Premium Outlets,Merrimack,NH,03054-4779,USA,2012-06-14,42.826069,-71.500759,New Hampshire
320,NIKE_OWNED_STORE,14013699548,Nike Well Collective - Cranston,NORTH_AMERICA,Nike,74 Hillside Rd,Cranston,RI,02920-5619,USA,2022-08-11,41.76256,-71.458002,Rhode Island
597,NIKE_OWNED_STORE,15083184478,Nike Well Collective - Natick,NORTH_AMERICA,Nike,"1245 Worcester St, Suite #3072",Natick,MA,01760-1546,USA,2023-06-28,42.302744,-71.3853668,Massachusetts
106,NIKE_OWNED_STORE,15083841800,Nike Factory Store - Wrentham,NORTH_AMERICA,Nike,Wrentham Premium Outlets,Wrentham,MA,02093-2102,USA,2000-11-02,42.036817,-71.351067,Massachusetts
449,NIKE_OWNED_STORE,1-800-344-6453,Nike Unite - Salem,NORTH_AMERICA,Nike,6 South Village Drive Ste. 200,Salem,NH,03079,USA,2021-12-16,42.768581597453256,-71.22350120099392,New Hampshire
561,NIKE_OWNED_STORE,17813556388,Nike Well Collective - Dedham,NORTH_AMERICA,Nike,222 Legacy Place,Dedham,MA,02026-6836,USA,2023-07-25,42.2328164,-71.1780853,Massachusetts
433,NIKE_OWNED_STORE,18572214090,Nike Well Collective - Chestnut Hill,NORTH_AMERICA,Nike,"33 Boylston St, Suite 4830",Chestnut Hill,MA,02467-1731,USA,2021-08-05,42.3227789,-71.1687287,Massachusetts
283,NIKE_OWNED_STORE,16172029935,Nike Unite - Watertown,NORTH_AMERICA,Nike,20 Eldridge Ave,Watertown,MA,02472-2994,USA,2021-08-05,42.3625994,-71.1574078,Massachusetts
194,NIKE_OWNED_STORE,16176294192,Nike Factory Store - Somerville,NORTH_AMERICA,Nike,300 Artisan Way,Somerville,MA,02145-1228,USA,2014-05-16,42.395177,-71.080762,Massachusetts
81,NIKE_OWNED_STORE,16172673400,Nike Boston,NORTH_AMERICA,Nike,200 Newbury Street,Boston,MA,02116-2504,USA,1997-07-19,42.349991,-71.080145,Massachusetts
282,NIKE_OWNED_STORE,16179293978,Nike Factory Store - Dorchester,NORTH_AMERICA,Nike,33 District Avenue,Dorchester,MA,02125-1683,USA,2017-11-21,42.325773,-71.062154,Massachusetts
240,NIKE_OWNED_STORE,+1 (781) 334-2341,Nike Well Collective - Lynnfield,NORTH_AMERICA,Nike,1125 Market St.,Lynnfield,MA,01940,USA,2022-10-13,42.517233,-71.035724,Massachusetts
558,NIKE_OWNED_STORE,17813472168,Nike Well Collective - Hingham,NORTH_AMERICA,Nike,928 Derby St STE 98,Hingham,MA,02043-4218,USA,2023-06-29,42.1781754,-70.9106533,Massachusetts
188,NIKE_OWNED_STORE,12074516094,Nike Factory Store - Kittery,NORTH_AMERICA,Nike,Kittery Premium Outlets,Kittery,ME,03904-6509,USA,2008-03-25,43.115399,-70.730363,Maine
108,NIKE_OWNED_STORE,17878464108,Nike Factory Store - Barceloneta,NORTH_AMERICA,Nike,Puerto Rico Premium Outlets,Barceloneta,PR,00617-2560,USA,2008-11-13,18.439623,-66.541845,
241,NIKE_OWNED_STORE,17877201400,Nike Factory Store - San Juan,NORTH_AMERICA,Nike,The Outlets at Montehiedra,San Juan,PR,00926-7007,USA,2013-11-14,18.3393273,-66.0678824,
