street,city,state,zip,telephone,latitude,longitude,url,state_name
3200 Pepperell Pkwy,Opelika,AL,36801,800-852-7204,32.634426,-85.426593,https://locations.deltaco.com/us/al/opelika/3200-pepperell-pkwy,Alabama
1212 East 280 Bypass,Phenix City,AL,36867,334-408-2088,32.470343,-85.02818,https://locations.deltaco.com/us/al/phenix-city/1212-east-280-bypass,Alabama
4115 W Anthem Way,Anthem,AZ,85086,623-465-9820,33.870455,-112.147935,https://locations.deltaco.com/us/az/anthem/4115-w-anthem-way,Arizona
1483 N Dysart Rd,Avondale,AZ,85323,623-932-4438,33.454394,-112.340412,https://locations.deltaco.com/us/az/avondale/1483-n-dysart-rd,Arizona
1845 Highway 95,Bullhead City,AZ,86442,928-763-4882,35.120121,-114.592496,https://locations.deltaco.com/us/az/bullhead-city/1845-highway-95,Arizona
1900 West Ray Rd.,Chandler,AZ,85224,480-917-4821,33.321075,-111.874115,https://locations.deltaco.com/us/az/chandler/1900-west-ray-rd,Arizona
2201 S. Milton Rd,Flagstaff,AZ,86001,928-226-9186,35.178066,-111.66175,https://locations.deltaco.com/us/az/flagstaff/2201-s-milton-rd,Arizona
900 S Val Vista Dr,Gilbert,AZ,85296,480-558-8334,33.333807,-111.756226,https://locations.deltaco.com/us/az/gilbert/900-s-val-vista-dr,Arizona
9672 West Camelback Rd,Glendale,AZ,85305,623-772-7790,33.508908,-112.265366,https://locations.deltaco.com/us/az/glendale/9672-west-camelback-rd,Arizona
1901 North Pebble Creek Parkway,Goodyear,AZ,85395,623-536-3362,33.467653,-112.391823,https://locations.deltaco.com/us/az/goodyear/1901-north-pebble-creek-parkway,Arizona
3390 N Stockton Hill Rd,Kingman,AZ,86401,928-681-3412,35.222029,-114.035583,https://locations.deltaco.com/us/az/kingman/3390-n-stockton-hill-rd,Arizona
81 London Bridge Rd,Lake Havasu,AZ,86403,928-854-4748,34.474751,-114.347838,https://locations.deltaco.com/us/az/lake-havasu/81-london-bridge-rd,Arizona
3225 E. Rincon Rd,Littlefield,AZ,86432,928-347-4514,36.887304,-113.939752,https://locations.deltaco.com/us/az/littlefield/3225-e-rincon-rd,Arizona
3648 E Southern Ave,Mesa,AZ,85206,480-924-4855,33.394138,-111.751521,https://locations.deltaco.com/us/az/mesa/3648-e-southern-ave,Arizona
9171 W Peoria Ave,Peoria,AZ,85345,623-979-9203,33.580377,-112.256611,https://locations.deltaco.com/us/az/peoria/9171-w-peoria-ave,Arizona
4926 E Chandler Blvd,Phoenix,AZ,85048,480-785-8365,33.305788,-111.97719,https://locations.deltaco.com/us/az/phoenix/4926-e-chandler-blvd,Arizona
7091 East Pav Way,Prescott Valley,AZ,86314,928-759-3480,34.583708,-112.341583,https://locations.deltaco.com/us/az/prescott-valley/7091-east-pav-way,Arizona
20485 E. Rittenhouse Road,Queen Creek,AZ,85142,480-534-4240,33.259737,-111.641735,https://locations.deltaco.com/us/az/queen-creek/20485-e-rittenhouse-road,Arizona
13367 W Grand Ave,Surprise,AZ,85374,623-556-2096,33.637178,-112.349216,https://locations.deltaco.com/us/az/surprise/13367-w-grand-ave,Arizona
1331 N Scottsdale Rd,Tempe,AZ,85281,480-590-3021,33.443855,-111.926248,https://locations.deltaco.com/us/az/tempe/1331-n-scottsdale-rd,Arizona
840 E Broadway Blvd,Tucson,AZ,85719,520-628-7258,32.220923,-110.958744,https://locations.deltaco.com/us/az/tucson/840-e-broadway-blvd,Arizona
19312 N US Highway 93,White Hills,AZ,86445,928-233-6991,35.684078,-114.467135,https://locations.deltaco.com/us/az/white-hills/19312-n-us-highway-93,Arizona
2451 South Avenue B,Yuma,AZ,85364,442-236-3103,32.682541,-114.649908,https://locations.deltaco.com/us/az/yuma/2451-south-avenue-b,Arizona
14200 Highway 395,Adelanto,CA,92301,760-530-9441,34.508458,-117.399951,https://locations.deltaco.com/us/ca/adelanto/14200-highway-395,California
26951 Aliso Creek Road,Aliso Viejo,CA,92656,949-448-9171,33.571498,-117.723935,https://locations.deltaco.com/us/ca/aliso-viejo/26951-aliso-creek-road,California
2112 S State College Blvd,Anaheim,CA,92806,714-634-0459,33.795567,-117.888858,https://locations.deltaco.com/us/ca/anaheim/2112-s-state-college-blvd,California
13730 Navajo Rd,Apple Valley,CA,92307,760-247-3364,34.501197,-117.190566,https://locations.deltaco.com/us/ca/apple-valley/13730-navajo-rd,California
11879 Artesia Blvd,Artesia,CA,90701,562-865-3953,33.873287,-118.080375,https://locations.deltaco.com/us/ca/artesia/11879-artesia-blvd,California
106 S Azusa Ave,Azusa,CA,91702,626-334-7599,34.121302,-117.907301,https://locations.deltaco.com/us/ca/azusa/106-s-azusa-ave,California
72197 Baker Blvd,Baker,CA,92309,760-733-4090,35.267152,-116.071379,https://locations.deltaco.com/us/ca/baker/72197-baker-blvd,California
35145 Merle Haggard Drive,Bakersfield,CA,93308,661-393-8379,35.441064,-119.076985,https://locations.deltaco.com/us/ca/bakersfield/35145-merle-haggard-drive,California
3540 South La Brea Ave.,Baldwin Hills,CA,90016,323-296-1674,34.02182,-118.355311,https://locations.deltaco.com/us/ca/baldwin-hills/3540-south-la-brea-ave,California
12690 Ramona Blvd.,Baldwin Park,CA,91706,626-338-6202,34.07783,-117.996084,https://locations.deltaco.com/us/ca/baldwin-park/12690-ramona-blvd,California
1964 W Ramsey St,Banning,CA,92220,951-849-2713,33.92514,-116.898326,https://locations.deltaco.com/us/ca/banning/1964-w-ramsey-st,California
401 N 1st Ave,Barstow,CA,92311,760-256-2810,34.901561,-117.026789,https://locations.deltaco.com/us/ca/barstow/401-n-1st-ave,California
435 E 4th Street,Beaumont,CA,92223,951-845-6900,33.925796,-116.976775,https://locations.deltaco.com/us/ca/beaumont/435-e-4th-street,California
14301 Clark Ave,Bellflower,CA,90706,562-920-3464,33.903813,-118.134482,https://locations.deltaco.com/us/ca/bellflower/14301-clark-ave,California
10951 Cedar Ave,Bloomington,CA,92316,909-237-8309,34.05447,-117.395746,https://locations.deltaco.com/us/ca/bloomington/10951-cedar-ave,California
120 S Lovekin Blvd,Blythe,CA,92225,760-922-5335,33.609556,-114.605209,https://locations.deltaco.com/us/ca/blythe/120-s-lovekin-blvd,California
1120 S Brawley Ave,Brawley,CA,92227,760-344-3507,32.961404,-115.54891,https://locations.deltaco.com/us/ca/brawley/1120-s-brawley-ave,California
6014 Orangethorpe Ave,Buena Park,CA,90620,714-994-4800,33.858443,-118.027734,https://locations.deltaco.com/us/ca/buena-park/6014-orangethorpe-ave,California
2515 N. Hollywood Way,Burbank,CA,91505,818-565-0534,34.193838,-118.349303,https://locations.deltaco.com/us/ca/burbank/2515-n-hollywood-way,California
33940 County Line Rd,Calimesa,CA,92320,909-795-3110,34.004326,-117.063272,https://locations.deltaco.com/us/ca/calimesa/33940-county-line-rd,California
121 Ventura Blvd,Camarillo,CA,93010,805-484-7490,34.216115,-119.068278,https://locations.deltaco.com/us/ca/camarillo/121-ventura-blvd,California
7121 Carlson Cir,Canoga Park,CA,91303,818-346-8167,34.199996,-118.614417,https://locations.deltaco.com/us/ca/canoga-park/7121-carlson-cir,California
17504 Avalon Blvd,Carson,CA,90746,310-515-6479,33.871552,-118.265603,https://locations.deltaco.com/us/ca/carson/17504-avalon-blvd,California
67794 E Palm Canyon Dr,Cathedral City,CA,92234,760-328-1874,33.786648,-116.478559,https://locations.deltaco.com/us/ca/cathedral-city/67794-e-palm-canyon-dr,California
2400 Mitchell Road,Ceres,CA,95307,209-541-1970,37.595447,-120.938266,https://locations.deltaco.com/us/ca/ceres/2400-mitchell-road,California
21920 Lassen St,Chatsworth,CA,91311,818-709-4058,34.249726,-118.605123,https://locations.deltaco.com/us/ca/chatsworth/21920-lassen-st,California
1957 East 20th St.,Chico,CA,95928,530-809-0765,39.727034,-121.801964,https://locations.deltaco.com/us/ca/chico/1957-east-20th-st,California
12080 Central Ave,Chino,CA,91710,909-364-9179,34.033909,-117.690279,https://locations.deltaco.com/us/ca/chino/12080-central-ave,California
7398 Greenback Ln,Citrus Heights,CA,95621,916-723-5332,38.677933,-121.292804,https://locations.deltaco.com/us/ca/citrus-heights/7398-greenback-ln,California
1415 Herndon Ave.,Clovis,CA,93611,559-326-0220,36.837995,-119.689993,https://locations.deltaco.com/us/ca/clovis/1415-herndon-ave,California
85494 Vista Del Norte,Coachella,CA,92236,760-347-3289,33.716417,-116.171648,https://locations.deltaco.com/us/ca/coachella/85494-vista-del-norte,California
834 W Valley Blvd,Colton,CA,92324,909-825-1946,34.068326,-117.336488,https://locations.deltaco.com/us/ca/colton/834-w-valley-blvd,California
6126 E. Washington Blvd,Commerce,CA,90040,323-767-0233,33.995786,-118.147514,https://locations.deltaco.com/us/ca/commerce/6126-e-washington-blvd,California
1641 S. Alameda St,Compton,CA,90220,310-608-2325,33.878768,-118.218051,https://locations.deltaco.com/us/ca/compton/1641-s-alameda-st,California
103 E. 3rd St,Corona,CA,92879,951-735-1967,33.878652,-117.565406,https://locations.deltaco.com/us/ca/corona/103-e-3rd-st,California
1720 Superior Ave,Costa Mesa,CA,92627,949-631-1831,33.636513,-117.922871,https://locations.deltaco.com/us/ca/costa-mesa/1720-superior-ave,California
459 S Citrus Ave,Covina,CA,91723,626-967-0113,34.081289,-117.890433,https://locations.deltaco.com/us/ca/covina/459-s-citrus-ave,California
11446 Jefferson Blvd,Culver City,CA,90230,310-398-1406,33.989063,-118.396557,https://locations.deltaco.com/us/ca/culver-city/11446-jefferson-blvd,California
5981 Orange Ave,Cypress,CA,90630,714-527-8129,33.824692,-118.028816,https://locations.deltaco.com/us/ca/cypress/5981-orange-ave,California
34289 Pacific Coast Hwy,Dana Point,CA,92629,949-661-7544,33.465102,-117.688671,https://locations.deltaco.com/us/ca/dana-point/34289-pacific-coast-hwy,California
14290 Palm Dr,Desert Hot Sprngs,CA,92240,760-329-0994,33.945179,-116.501006,https://locations.deltaco.com/us/ca/desert-hot-sprngs/14290-palm-dr,California
520 N. Diamond Bar Blvd,Diamond Bar,CA,91765,909-861-1316,34.029224,-117.809962,https://locations.deltaco.com/us/ca/diamond-bar/520-n-diamond-bar-blvd,California
8028 Firestone Blvd,Downey,CA,90241,562-861-0889,33.941942,-118.137114,https://locations.deltaco.com/us/ca/downey/8028-firestone-blvd,California
141 Broadway,El Cajon,CA,92021,619-593-8226,32.806481,-116.924573,https://locations.deltaco.com/us/ca/el-cajon/141-broadway,California
2039 North Imperial Avenue,El Centro,CA,92243,442-231-8810,32.811922,-115.569426,https://locations.deltaco.com/us/ca/el-centro/2039-north-imperial-avenue,California
9200 Flair Drive,El Monte,CA,91731,626-234-2002,34.071348,-118.068531,https://locations.deltaco.com/us/ca/el-monte/9200-flair-drive,California
7519 Laguna Blvd.,Elk Grove,CA,95758,916-684-5809,38.424024,-121.414997,https://locations.deltaco.com/us/ca/elk-grove/7519-laguna-blvd,California
1270 W Valley Pkwy,Escondido,CA,92029,760-489-8226,33.115077,-117.10123,https://locations.deltaco.com/us/ca/escondido/1270-w-valley-pkwy,California
8898 Madison Ave,Fair Oaks,CA,95628,916-966-4135,38.663526,-121.226574,https://locations.deltaco.com/us/ca/fair-oaks/8898-madison-ave,California
201 Pittman Road,Fairfield,CA,94534,707-646-2820,38.220616,-122.127809,https://locations.deltaco.com/us/ca/fairfield/201-pittman-road,California
2699 E Bidwell St,Folsom,CA,95630,916-984-4915,38.656405,-121.126422,https://locations.deltaco.com/us/ca/folsom/2699-e-bidwell-st,California
16930 Foothill Blvd,Fontana,CA,92335,909-822-8100,34.106941,-117.434867,https://locations.deltaco.com/us/ca/fontana/16930-foothill-blvd,California
26702 Portola Parkway,Foothill Ranch,CA,92610,949-588-0716,33.678791,-117.66395,https://locations.deltaco.com/us/ca/foothill-ranch/26702-portola-parkway,California
17295 Brookhurst St,Fountain Valley,CA,92708,714-968-3445,33.711996,-117.955081,https://locations.deltaco.com/us/ca/fountain-valley/17295-brookhurst-st,California
5385 N Blackstone Ave.,Fresno,CA,93704,559-438-8860,36.8153,-119.790892,https://locations.deltaco.com/us/ca/fresno/5385-n-blackstone-ave,California
2408 E Chapman Ave,Fullerton,CA,92831,714-870-5932,33.872995,-117.889312,https://locations.deltaco.com/us/ca/fullerton/2408-e-chapman-ave,California
11070 Garden Grove Blvd,Garden Grove,CA,92843,714-539-7915,33.773801,-117.939751,https://locations.deltaco.com/us/ca/garden-grove/11070-garden-grove-blvd,California
18604 S Western Ave,Gardena,CA,90248,310-532-2786,33.861718,-118.30889,https://locations.deltaco.com/us/ca/gardena/18604-s-western-ave,California
2101 W Glenoaks Blvd,Glendale,CA,91201,818-841-7771,34.17726,-118.297494,https://locations.deltaco.com/us/ca/glendale/2101-w-glenoaks-blvd,California
445 W Foothill Blvd,Glendora,CA,91740,626-335-5515,34.136257,-117.871732,https://locations.deltaco.com/us/ca/glendora/445-w-foothill-blvd,California
18070 Chatsworth St,Granada Hills,CA,91344,818-832-6373,34.264566,-118.524187,https://locations.deltaco.com/us/ca/granada-hills/18070-chatsworth-st,California
1110 S Hacienda Blvd,Hacienda Heights,CA,91745,626-333-8322,34.010439,-117.96286,https://locations.deltaco.com/us/ca/hacienda-heights/1110-s-hacienda-blvd,California
1229 Pacific Coast Hwy,Harbor City,CA,90710,310-257-6861,33.789928,-118.298638,https://locations.deltaco.com/us/ca/harbor-city/1229-pacific-coast-hwy,California
41871 State Highway 74,Hemet,CA,92544,951-925-6068,33.747432,-116.930738,https://locations.deltaco.com/us/ca/hemet/41871-state-highway-74,California
15797 Main St,Hesperia,CA,92345,760-244-8931,34.423772,-117.31879,https://locations.deltaco.com/us/ca/hesperia/15797-main-st,California
3702 Highland Ave,Highland,CA,92346,909-864-4504,34.136338,-117.206379,https://locations.deltaco.com/us/ca/highland/3702-highland-ave,California
20921 Magnolia St,Huntington Beach,CA,92646,714-536-2991,33.658666,-117.97144,https://locations.deltaco.com/us/ca/huntington-beach/20921-magnolia-st,California
81566 State Highway 111,Indio,CA,92201,760-347-1619,33.70851,-116.241559,https://locations.deltaco.com/us/ca/indio/81566-state-highway-111,California
3510 W. Century Blvd,Inglewood,CA,90303,310-677-7884,33.94502,-118.333388,https://locations.deltaco.com/us/ca/inglewood/3510-w-century-blvd,California
4780 Irvine Blvd.,Irvine,CA,92620,714-838-7975,33.713325,-117.76022,https://locations.deltaco.com/us/ca/irvine/4780-irvine-blvd,California
751 S Beach Blvd,La Habra,CA,90631,562-694-6095,33.923498,-117.968237,https://locations.deltaco.com/us/ca/la-habra/751-s-beach-blvd,California
15055 Imperial Hwy,La Mirada,CA,90638,562-947-6672,33.917464,-118.009802,https://locations.deltaco.com/us/ca/la-mirada/15055-imperial-hwy,California
78468 State Highway 111,La Quinta,CA,92253,760-777-7283,33.717147,-116.295445,https://locations.deltaco.com/us/ca/la-quinta/78468-state-highway-111,California
1398 Foothill Blvd,La Verne,CA,91750,909-596-9406,34.117122,-117.777215,https://locations.deltaco.com/us/ca/la-verne/1398-foothill-blvd,California
31904 Mission Trl,Lake Elsinore,CA,92530,951-674-5771,33.656817,-117.297622,https://locations.deltaco.com/us/ca/lake-elsinore/31904-mission-trl,California
22349 El Toro Rd,Lake Forest,CA,92630,949-586-3757,33.638118,-117.679211,https://locations.deltaco.com/us/ca/lake-forest/22349-el-toro-rd,California
11723 Del Amo Blvd,Lakewood,CA,90715,562-924-8586,33.846213,-118.08385,https://locations.deltaco.com/us/ca/lakewood/11723-del-amo-blvd,California
1138 W Avenue I,Lancaster,CA,93534,661-942-0312,34.70349,-118.150896,https://locations.deltaco.com/us/ca/lancaster/1138-w-avenue-i,California
7060 Broadway Ln,Lemon Grove,CA,91945,619-698-2076,32.742826,-117.046261,https://locations.deltaco.com/us/ca/lemon-grove/7060-broadway-ln,California
24898 Redlands Blvd,Loma Linda,CA,92354,909-796-4022,34.063358,-117.261503,https://locations.deltaco.com/us/ca/loma-linda/24898-redlands-blvd,California
2201 Palo Verde Ave,Long Beach,CA,90815,562-430-3973,33.795942,-118.108221,https://locations.deltaco.com/us/ca/long-beach/2201-palo-verde-ave,California
4903 N. Eagle Rock Blvd.,Los Angeles,CA,90041,323-925-3182,34.135396,-118.215541,https://locations.deltaco.com/us/ca/los-angeles/4903-n-eagle-rock-blvd,California
1194 E Yosemite Ave,Manteca,CA,95337,209-239-0233,37.797128,-121.198659,https://locations.deltaco.com/us/ca/manteca/1194-e-yosemite-ave,California
90480 66th Ave.,Mecca,CA,92254,760-396-1240,33.570209,-116.090378,https://locations.deltaco.com/us/ca/mecca/90480-66th-ave,California
29187 Newport Road,Menifee,CA,92584,951-679-6568,33.684525,-117.150579,https://locations.deltaco.com/us/ca/menifee/29187-newport-road,California
1798 West Olive Ave,Merced,CA,95348,209-385-2264,37.318694,-120.499461,https://locations.deltaco.com/us/ca/merced/1798-west-olive-ave,California
6269 Pats Ranch Road,Mira Loma,CA,91752,951-278-0504,33.97477,-117.544883,https://locations.deltaco.com/us/ca/mira-loma/6269-pats-ranch-road,California
15353 Chatsworth St,Mission Hills,CA,91345,818-361-9390,34.264871,-118.466938,https://locations.deltaco.com/us/ca/mission-hills/15353-chatsworth-st,California
25542 Marguerite Pkwy,Mission Viejo,CA,92692,949-770-7888,33.59156,-117.659504,https://locations.deltaco.com/us/ca/mission-viejo/25542-marguerite-pkwy,California
2101 Sylvan Ave.,Modesto,CA,95355,209-551-9260,37.690357,-120.958658,https://locations.deltaco.com/us/ca/modesto/2101-sylvan-ave,California
945 E. Huntington Drive,Monrovia,CA,91016,626-932-1921,34.139854,-117.983725,https://locations.deltaco.com/us/ca/monrovia/945-e-huntington-drive,California
880 N Wilcox Ave,Montebello,CA,90640,323-490-7575,34.032281,-118.12468,https://locations.deltaco.com/us/ca/montebello/880-n-wilcox-ave,California
848 Los Angeles Ave.,Moorpark,CA,93021,805-552-0654,34.279992,-118.866027,https://locations.deltaco.com/us/ca/moorpark/848-los-angeles-ave,California
25024 Alessandro Blvd,Moreno Valley,CA,92553,951-924-4435,33.918144,-117.226043,https://locations.deltaco.com/us/ca/moreno-valley/25024-alessandro-blvd,California
28055 Scott Road,Murrieta,CA,92563,951-301-7111,33.640022,-117.16873,https://locations.deltaco.com/us/ca/murrieta/28055-scott-road,California
591 N Ventu Park Rd,Newbury Park,CA,91320,805-499-4439,34.18788,-118.911762,https://locations.deltaco.com/us/ca/newbury-park/591-n-ventu-park-rd,California
23650 Lyons Ave,Newhall,CA,91321,661-254-4365,34.379069,-118.548929,https://locations.deltaco.com/us/ca/newhall/23650-lyons-ave,California
2112 S.E. Bristol St,Newport Beach,CA,92660,949-852-1180,33.661276,-117.874835,https://locations.deltaco.com/us/ca/newport-beach/2112-se-bristol-st,California
2552 Hamner Ave,Norco,CA,92860,951-735-7033,33.918818,-117.560157,https://locations.deltaco.com/us/ca/norco/2552-hamner-ave,California
15330 Nordhoff Street,North Hills,CA,91343,818-830-3528,34.235163,-118.466814,https://locations.deltaco.com/us/ca/north-hills/15330-nordhoff-street,California
6718 Laurel Canyon Blvd,North Hollywood,CA,91606,818-764-2844,34.192613,-118.396205,https://locations.deltaco.com/us/ca/north-hollywood/6718-laurel-canyon-blvd,California
8941 Corbin Ave,Northridge,CA,91324,818-709-8536,34.233449,-118.562735,https://locations.deltaco.com/us/ca/northridge/8941-corbin-ave,California
10644 Alondra Blvd.,Norwalk,CA,90650,562-402-4350,33.887272,-118.106364,https://locations.deltaco.com/us/ca/norwalk/10644-alondra-blvd,California
1601 Carmelo Dr,Oceanside,CA,92054,760-721-8226,33.208243,-117.388615,https://locations.deltaco.com/us/ca/oceanside/1601-carmelo-dr,California
4850 E Motor Lane,Ontario,CA,91761,909-605-0465,34.046249,-117.54911,https://locations.deltaco.com/us/ca/ontario/4850-e-motor-lane,California
2607 N Tustin St,Orange,CA,92865,714-974-5575,33.832478,-117.835906,https://locations.deltaco.com/us/ca/orange/2607-n-tustin-st,California
601 S Ventura Rd,Oxnard,CA,93030,805-985-5325,34.196278,-119.195093,https://locations.deltaco.com/us/ca/oxnard/601-s-ventura-rd,California
34540 Monterey Avenue,Palm Desert,CA,92211,760-324-3015,33.797885,-116.387642,https://locations.deltaco.com/us/ca/palm-desert/34540-monterey-avenue,California
102 N Sunrise Way,Palm Springs,CA,92262,760-322-5143,33.823408,-116.527757,https://locations.deltaco.com/us/ca/palm-springs/102-n-sunrise-way,California
5010 West Avenue N,Palmdale,CA,93551,661-722-5346,34.630074,-118.21947,https://locations.deltaco.com/us/ca/palmdale/5010-west-avenue-n,California
13701 Roscoe Blvd,Panorama City,CA,91402,818-809-2285,34.221897,-118.431296,https://locations.deltaco.com/us/ca/panorama-city/13701-roscoe-blvd,California
844 E Union St,Pasadena,CA,91101,626-792-9842,34.147564,-118.13301,https://locations.deltaco.com/us/ca/pasadena/844-e-union-st,California
3150 Case Road,Perris,CA,92570,951-928-3675,33.7452,-117.190592,https://locations.deltaco.com/us/ca/perris/3150-case-road,California
4490 Delta Gateway Blvd,Pittsburg,CA,94565,925-778-8005,38.005473,-121.837524,https://locations.deltaco.com/us/ca/pittsburg/4490-delta-gateway-blvd,California
1171 E. Imperial Highway,Placentia,CA,92870,714-985-9095,33.904829,-117.842533,https://locations.deltaco.com/us/ca/placentia/1171-e-imperial-highway,California
1495 N Garey Ave,Pomona,CA,91767,909-622-0711,34.072283,-117.752524,https://locations.deltaco.com/us/ca/pomona/1495-n-garey-ave,California
785 N. Newcomb St.,Porterville,CA,93257,559-781-0881,36.079777,-119.053311,https://locations.deltaco.com/us/ca/porterville/785-n-newcomb-st,California
6799 Carnelian St,Rancho Cucamonga,CA,91701,909-980-1644,34.130938,-117.615681,https://locations.deltaco.com/us/ca/rancho-cucamonga/6799-carnelian-st,California
22351 Antonio Parkway,Rancho Santa Margarita,CA,92688,949-888-8951,33.63765,-117.590419,https://locations.deltaco.com/us/ca/rancho-santa-margarita/22351-antonio-parkway,California
200 Antelope Blvd,Red Bluff,CA,96080,530-529-3297,40.183001,-122.220848,https://locations.deltaco.com/us/ca/red-bluff/200-antelope-blvd,California
2602 Hilltop Dr,Redding,CA,96002,530-224-0888,40.570649,-122.35889,https://locations.deltaco.com/us/ca/redding/2602-hilltop-dr,California
602 E Redlands Blvd,Redlands,CA,92373,909-792-3212,34.055344,-117.176029,https://locations.deltaco.com/us/ca/redlands/602-e-redlands-blvd,California
19644 Vanowen St,Reseda,CA,91335,818-345-3376,34.193375,-118.561527,https://locations.deltaco.com/us/ca/reseda/19644-vanowen-st,California
519 S Riverside Ave,Rialto,CA,92376,909-874-0121,34.091144,-117.369864,https://locations.deltaco.com/us/ca/rialto/519-s-riverside-ave,California
1020 N Norma St,Ridgecrest,CA,93555,760-446-6198,35.639405,-117.678386,https://locations.deltaco.com/us/ca/ridgecrest/1020-n-norma-st,California
5290 Arlington Ave,Riverside,CA,92504,951-687-5397,33.945758,-117.417506,https://locations.deltaco.com/us/ca/riverside/5290-arlington-ave,California
1619 Douglas Blvd,Roseville,CA,95661,916-782-9288,38.744604,-121.263499,https://locations.deltaco.com/us/ca/roseville/1619-douglas-blvd,California
3531 Truxel Rd.,Sacramento,CA,95834,916-928-1971,38.635813,-121.502985,https://locations.deltaco.com/us/ca/sacramento/3531-truxel-rd,California
4300 Salida Blvd.,Salida,CA,95368,209-543-9425,37.70109,-121.074377,https://locations.deltaco.com/us/ca/salida/4300-salida-blvd,California
2855 Del Rosa Ave,San Bernardino,CA,92404,909-882-7890,34.143116,-117.251845,https://locations.deltaco.com/us/ca/san-bernardino/2855-del-rosa-ave,California
109 Via Pico Plaza,San Clemente,CA,92672,949-492-5311,33.43706,-117.622099,https://locations.deltaco.com/us/ca/san-clemente/109-via-pico-plaza,California
3896 Clairemont Dr,San Diego,CA,92117,858-270-3788,32.811309,-117.201348,https://locations.deltaco.com/us/ca/san-diego/3896-clairemont-dr,California
694 W Arrow Hwy,San Dimas,CA,91773,909-599-6620,34.105237,-117.819213,https://locations.deltaco.com/us/ca/san-dimas/694-w-arrow-hwy,California
2021 Glenoaks Blvd,San Fernando,CA,91340,818-361-5044,34.298941,-118.43812,https://locations.deltaco.com/us/ca/san-fernando/2021-glenoaks-blvd,California
1401 San Jacinto Ave,San Jacinto,CA,92583,951-654-3639,33.774473,-116.958537,https://locations.deltaco.com/us/ca/san-jacinto/1401-san-jacinto-ave,California
31780 Del Obispo,San Juan Capistrano,CA,92675,949-487-1811,33.500998,-117.659572,https://locations.deltaco.com/us/ca/san-juan-capistrano/31780-del-obispo,California
736 S. Rancho Santa Fe,San Marcos,CA,92078,760-598-8226,33.132224,-117.208148,https://locations.deltaco.com/us/ca/san-marcos/736-s-rancho-santa-fe,California
350 S Gaffey Street,San Pedro,CA,90731,310-514-0015,33.740706,-118.292104,https://locations.deltaco.com/us/ca/san-pedro/350-s-gaffey-street,California
2320 E Fourth St,Santa Ana,CA,92705,714-836-7365,33.747905,-117.833295,https://locations.deltaco.com/us/ca/santa-ana/2320-e-fourth-st,California
18802 Via Princessa,Santa Clarita,CA,91351,661-424-0823,34.405724,-118.465615,https://locations.deltaco.com/us/ca/santa-clarita/18802-via-princessa,California
11344 Telegraph Rd,Santa Fe Springs,CA,90670,562-929-9223,33.948989,-118.090983,https://locations.deltaco.com/us/ca/santa-fe-springs/11344-telegraph-rd,California
1816 N Broadway,Santa Maria,CA,93454,805-349-7352,34.973011,-120.435065,https://locations.deltaco.com/us/ca/santa-maria/1816-n-broadway,California
2425 Wilshire Blvd.,Santa Monica,CA,90403,310-264-0022,34.034719,-118.479465,https://locations.deltaco.com/us/ca/santa-monica/2425-wilshire-blvd,California
29025 W. Plaza Park Drive,Santa Nella,CA,95322,209-827-3605,38.403174,-121.367275,https://locations.deltaco.com/us/ca/santa-nella/29025-w-plaza-park-drive,California
55 Hallock Drive,Santa Paula,CA,93060,805-525-4444,34.361323,-119.04145,https://locations.deltaco.com/us/ca/santa-paula/55-hallock-drive,California
9822 N Magnolia Ave,Santee,CA,92071,619-562-4462,32.855887,-116.971375,https://locations.deltaco.com/us/ca/santee/9822-n-magnolia-ave,California
26270 N Bouquet Canyon Rd,Saugus,CA,91350,661-255-2121,34.421921,-118.541107,https://locations.deltaco.com/us/ca/saugus/26270-n-bouquet-canyon-rd,California
2900 Westminster Ave,Seal Beach,CA,90740,562-596-8508,33.759188,-118.08115,https://locations.deltaco.com/us/ca/seal-beach/2900-westminster-ave,California
1801 Willow Street,Signal Hill,CA,90755,562-997-9454,33.804765,-118.169636,https://locations.deltaco.com/us/ca/signal-hill/1801-willow-street,California
2990 Cochran St,Simi Valley,CA,93065,805-864-7284,34.278617,-118.737041,https://locations.deltaco.com/us/ca/simi-valley/2990-cochran-st,California
7001 Katella Ave,Stanton,CA,90680,714-828-0431,33.803346,-118.010672,https://locations.deltaco.com/us/ca/stanton/7001-katella-ave,California
24909 W. Pico Canyon Rd.,Stevenson Ranch,CA,91381,661-255-6098,34.390377,-118.622928,https://locations.deltaco.com/us/ca/stevenson-ranch/24909-w-pico-canyon-rd,California
817 West Hammer Lane,Stockton,CA,95210,209-476-0500,38.021392,-121.322038,https://locations.deltaco.com/us/ca/stockton/817-west-hammer-lane,California
645 Tucker Road,Tehachapi,CA,93561,661-823-9442,35.127757,-118.468213,https://locations.deltaco.com/us/ca/tehachapi/645-tucker-road,California
30607 Hwy-79 South,Temecula,CA,92590,951-693-4212,33.475559,-117.126521,https://locations.deltaco.com/us/ca/temecula/30607-hwy-79-south,California
72325 Varner Rd,Thousand Palms,CA,92276,760-343-1391,33.815003,-116.400609,https://locations.deltaco.com/us/ca/thousand-palms/72325-varner-rd,California
1595 Sepulveda Blvd,Torrance,CA,90501,310-326-3768,33.816296,-118.306171,https://locations.deltaco.com/us/ca/torrance/1595-sepulveda-blvd,California
6275 Foothill Blvd,Tujunga,CA,91042,818-862-3029,34.241957,-118.267895,https://locations.deltaco.com/us/ca/tujunga/6275-foothill-blvd,California
1415 Hillman St,Tulare,CA,93274,559-687-9058,36.2268,-119.331364,https://locations.deltaco.com/us/ca/tulare/1415-hillman-st,California
13742 Red Hill Ave.,Tustin,CA,92780,714-544-1018,33.735972,-117.812481,https://locations.deltaco.com/us/ca/tustin/13742-red-hill-ave,California
72636 29 Palms Hwy,Twentynine Palms,CA,92277,760-367-9366,34.135727,-116.07817,https://locations.deltaco.com/us/ca/twentynine-palms/72636-29-palms-hwy,California
1653 W Foothill Blvd,Upland,CA,91786,909-920-3464,34.107224,-117.682451,https://locations.deltaco.com/us/ca/upland/1653-w-foothill-blvd,California
151 Peabody Road,Vacaville,CA,95687,707-455-8564,38.351969,-121.975637,https://locations.deltaco.com/us/ca/vacaville/151-peabody-road,California
28082 The Old Rd,Valencia,CA,91355,661-294-1084,34.432212,-118.590538,https://locations.deltaco.com/us/ca/valencia/28082-the-old-rd,California
7545 Balboa Blvd,Van Nuys,CA,91406,818-994-3564,34.207911,-118.501518,https://locations.deltaco.com/us/ca/van-nuys/7545-balboa-blvd,California
4393 E Main St,Ventura,CA,93003,805-642-2145,34.262799,-119.2331,https://locations.deltaco.com/us/ca/ventura/4393-e-main-st,California
12253 Hesperia Rd,Victorville,CA,92392,760-951-0635,34.473793,-117.291207,https://locations.deltaco.com/us/ca/victorville/12253-hesperia-rd,California
5348 West Cypress Avenue,Visalia,CA,93277,559-732-3899,36.326199,-119.350377,https://locations.deltaco.com/us/ca/visalia/5348-west-cypress-avenue,California
1037 E Bobier Dr,Vista,CA,92084,760-940-8226,33.216854,-117.226801,https://locations.deltaco.com/us/ca/vista/1037-e-bobier-dr,California
20259 Valley Blvd,Walnut,CA,91789,909-468-1844,34.008675,-117.861568,https://locations.deltaco.com/us/ca/walnut/20259-valley-blvd,California
2401 S. Azusa,West Covina,CA,91792,626-965-4500,34.032771,-117.914624,https://locations.deltaco.com/us/ca/west-covina/2401-s-azusa,California
841 Harbor Blvd.,West Sacramento,CA,95691,916-371-3284,38.578189,-121.548261,https://locations.deltaco.com/us/ca/west-sacramento/841-harbor-blvd,California
13731 Goldenwest St,Westminster,CA,92683,714-898-8364,33.762484,-118.007557,https://locations.deltaco.com/us/ca/westminster/13731-goldenwest-st,California
9719 Carmenita Rd,Whittier,CA,90605,562-698-5574,33.949383,-118.046662,https://locations.deltaco.com/us/ca/whittier/9719-carmenita-rd,California
36164 Hidden Springs Road,Wildomar,CA,92595,951-609-3581,33.595329,-117.247196,https://locations.deltaco.com/us/ca/wildomar/36164-hidden-springs-road,California
30640 Benton Road,Winchester,CA,92596,951-325-5161,33.592951,-117.123373,https://locations.deltaco.com/us/ca/winchester/30640-benton-road,California
19701 Esperanza Rd,Yorba Linda,CA,92886,714-779-8208,33.863032,-117.788239,https://locations.deltaco.com/us/ca/yorba-linda/19701-esperanza-rd,California
1078 Harter Road,Yuba City,CA,95993,530-673-1326,39.14206,-121.654304,https://locations.deltaco.com/us/ca/yuba-city/1078-harter-road,California
34860 Yucaipa Blvd,Yucaipa,CA,92399,909-790-9460,34.034178,-117.04388,https://locations.deltaco.com/us/ca/yucaipa/34860-yucaipa-blvd,California
56748 29 Palms Hwy,Yucca Valley,CA,92284,760-365-4857,34.121208,-116.42582,https://locations.deltaco.com/us/ca/yucca-valley/56748-29-palms-hwy,California
24023 E. Prospect Ave.,Aurora,CO,80016,303-627-5777,39.600134,-104.708337,https://locations.deltaco.com/us/co/aurora/24023-e-prospect-ave,Colorado
570 E Bromley Ln,Brighton,CO,80601,303-654-1186,39.97186,-104.815776,https://locations.deltaco.com/us/co/brighton/570-e-bromley-ln,Colorado
6383 Promenade Parkway,Castle Rock,CO,80109,303-814-8049,39.423275,-104.878938,https://locations.deltaco.com/us/co/castle-rock/6383-promenade-parkway,Colorado
11155 East Arapahoe Rd.,Centennial,CO,80112,303-706-9204,39.594527,-104.859029,https://locations.deltaco.com/us/co/centennial/11155-east-arapahoe-rd,Colorado
8020 N. Academy Blvd,Colorado Springs,CO,80920,719-599-0155,38.947541,-104.803261,https://locations.deltaco.com/us/co/colorado-springs/8020-n-academy-blvd,Colorado
18260 East 104th Ave.,Commerce City,CO,80022,303-227-4952,39.885206,-104.774541,https://locations.deltaco.com/us/co/commerce-city/18260-east-104th-ave,Colorado
8100 Northfield Blvd,Denver,CO,80239,303-307-1712,39.785319,-104.894516,https://locations.deltaco.com/us/co/denver/8100-northfield-blvd,Colorado
50 West Belleview Ave.,Englewood,CO,80110,303-798-1777,39.623759,-104.988789,https://locations.deltaco.com/us/co/englewood/50-west-belleview-ave,Colorado
11053 I-25 Frontage Rd.,Firestone,CO,80504,303-485-6379,40.161177,-104.976626,https://locations.deltaco.com/us/co/firestone/11053-i-25-frontage-rd,Colorado
2513 South US 50,Grand Junction,CO,81505,970-242-1293,39.081357,-108.586825,https://locations.deltaco.com/us/co/grand-junction/2513-south-us-50,Colorado
2913 South 23rd Avenue,Greeley,CO,80631,970-330-3808,40.389038,-104.716411,https://locations.deltaco.com/us/co/greeley/2913-south-23rd-avenue,Colorado
43 Union Blvd,Lakewood,CO,80228,303-986-2471,39.714964,-105.133935,https://locations.deltaco.com/us/co/lakewood/43-union-blvd,Colorado
7506 Parkway Dr,Lone Tree,CO,80124,303-768-8335,39.565508,-104.902544,https://locations.deltaco.com/us/co/lone-tree/7506-parkway-dr,Colorado
11147 Pikes Peak Drive,Parker,CO,80138,303-840-9362,39.513592,-104.763529,https://locations.deltaco.com/us/co/parker/11147-pikes-peak-drive,Colorado
5415 14th Street W,Bradenton,FL,34207,941-290-6090,27.444826,-82.575067,https://locations.deltaco.com/us/fl/bradenton/5415-14th-street-w,Florida
5260 W. Irlo Bronson Memorial Highway,Kissimmee,FL,34746,407-479-6009,28.332591,-81.49353,https://locations.deltaco.com/us/fl/kissimmee/5260-w-irlo-bronson-memorial-highway,Florida
2936 Sarno Rd,Melbourne,FL,32935,321-610-4768,28.121916,-80.671163,https://locations.deltaco.com/us/fl/melbourne/2936-sarno-rd,Florida
12025 Collegiate Way,Orlando,FL,32817,407-277-2001,28.597233,-81.212087,https://locations.deltaco.com/us/fl/orlando/12025-collegiate-way,Florida
3582 W. US Highway 98,Santa Rosa Beach,FL,32459,850-622-0638,30.374696,-86.238564,https://locations.deltaco.com/us/fl/santa-rosa-beach/3582-w-us-highway-98,Florida
250 E. Highway 53,Calhoun,GA,30701,762-204-2369,34.478151,-84.932791,https://locations.deltaco.com/us/ga/calhoun/250-e-highway-53,Georgia
2766 Watson Blvd.,Centerville,GA,31028,478-333-8400,32.618718,-83.678618,https://locations.deltaco.com/us/ga/centerville/2766-watson-blvd,Georgia
4418 Hamilton Rd.,Columbus,GA,31904,706-507-4200,32.504977,-84.972044,https://locations.deltaco.com/us/ga/columbus/4418-hamilton-rd,Georgia
1714 Hwy 138 SE,Conyers,GA,30013,770-760-7096,33.644869,-84.013726,https://locations.deltaco.com/us/ga/conyers/1714-hwy-138-se,Georgia
1203 N. Glenwood Ave,Dalton,GA,30721,706-529-5600,34.791079,-84.96371,https://locations.deltaco.com/us/ga/dalton/1203-n-glenwood-ave,Georgia
9570 Highway 5,Douglasville,GA,30135,770-489-0015,33.723086,-84.761993,https://locations.deltaco.com/us/ga/douglasville/9570-highway-5,Georgia
109 Banks Rd,Fayetteville,GA,30214,678-884-5028,33.466643,-84.447068,https://locations.deltaco.com/us/ga/fayetteville/109-banks-rd,Georgia
564 Battlefield Parkway,Fort Oglethorpe,GA,30742,706-820-6454,34.954254,-85.255691,https://locations.deltaco.com/us/ga/fort-oglethorpe/564-battlefield-parkway,Georgia
1198 Dawsonville Hwy.,Gainesville,GA,30501,678-971-4384,34.303846,-83.858982,https://locations.deltaco.com/us/ga/gainesville/1198-dawsonville-hwy,Georgia
1443 North Expressway,Griffin,GA,30223,770-227-1041,33.271679,-84.291672,https://locations.deltaco.com/us/ga/griffin/1443-north-expressway,Georgia
4525 Jimmy Lee Smith Parkway,Hiram,GA,30141,770-222-3167,33.891414,-84.752702,https://locations.deltaco.com/us/ga/hiram/4525-jimmy-lee-smith-parkway,Georgia
745 Chastain Rd NW,Kennesaw,GA,30144,770-792-5980,34.034514,-84.571471,https://locations.deltaco.com/us/ga/kennesaw/745-chastain-rd-nw,Georgia
825 Duluth Hwy,Lawrenceville,GA,30043,678-985-2106,33.968007,-84.018621,https://locations.deltaco.com/us/ga/lawrenceville/825-duluth-hwy,Georgia
6705 Jonesboro Road,Morrow,GA,30260,678-489-5689,33.572174,-84.343236,https://locations.deltaco.com/us/ga/morrow/6705-jonesboro-road,Georgia
6791 Highway 85,Riverdale,GA,30274,770-996-9327,33.56935,-84.41335,https://locations.deltaco.com/us/ga/riverdale/6791-highway-85,Georgia
2114 Shorter Ave NW,Rome,GA,30165,706-528-4505,34.271588,-85.225556,https://locations.deltaco.com/us/ga/rome/2114-shorter-ave-nw,Georgia
4300 East West Connector,Smyrna,GA,30082,770-438-1751,33.842092,-84.502152,https://locations.deltaco.com/us/ga/smyrna/4300-east-west-connector,Georgia
1895 Scenic Highway 124,Snellville,GA,30078,770-978-0361,33.876142,-84.013764,https://locations.deltaco.com/us/ga/snellville/1895-scenic-highway-124,Georgia
4227 Lavista Rd,Tucker,GA,30084,770-939-2700,33.846238,-84.24538,https://locations.deltaco.com/us/ga/tucker/4227-lavista-rd,Georgia
9775 Hwy 92,Woodstock,GA,30188,678-494-0434,34.086869,-84.526601,https://locations.deltaco.com/us/ga/woodstock/9775-hwy-92,Georgia
8687 W. Overland Rd.,Boise,ID,83709,208-297-5416,43.589867,-116.289833,https://locations.deltaco.com/us/id/boise/8687-w-overland-rd,Idaho
606 N 21st Ave,Caldwell,ID,83605,208-455-1316,43.660553,-116.668158,https://locations.deltaco.com/us/id/caldwell/606-n-21st-ave,Idaho
450 West Prairie,Coeur Dalene,ID,83815,208-762-9474,47.744226,-116.792913,https://locations.deltaco.com/us/id/coeur-dalene/450-west-prairie,Idaho
1035 N Jacksonmill Ave,Kuna,ID,83634,208-473-2653,43.498398,-116.393463,https://locations.deltaco.com/us/id/kuna/1035-n-jacksonmill-ave,Idaho
3101 E. Magic View Dr.,Meridian,ID,83642,208-895-8805,43.599474,-116.355917,https://locations.deltaco.com/us/id/meridian/3101-e-magic-view-dr,Idaho
2121 12th Ave Road,Nampa,ID,83686,208-461-7160,43.548086,-116.57325,https://locations.deltaco.com/us/id/nampa/2121-12th-ave-road,Idaho
725 North Hwy 41,Post Falls,ID,83854,208-777-9189,47.714665,-116.894943,https://locations.deltaco.com/us/id/post-falls/725-north-hwy-41,Idaho
568 N 2nd East,Rexburg,ID,83440,208-881-5305,43.837955,-111.77754,https://locations.deltaco.com/us/id/rexburg/568-n-2nd-east,Idaho
14570 Southfield Rd.,Allen Park,MI,48101,313-483-8840,42.256821,-83.197281,https://locations.deltaco.com/us/mi/allen-park/14570-southfield-rd,Michigan
50680 Gratiot Ave.,Chesterfield,MI,48051,586-648-1636,42.67307,-82.833663,https://locations.deltaco.com/us/mi/chesterfield/50680-gratiot-ave,Michigan
1120 W. 14 Mile Road,Clawson,MI,48017,248-288-2240,42.533436,-83.16238,https://locations.deltaco.com/us/mi/clawson/1120-w-14-mile-road,Michigan
5644 N. Telegraph,Dearborn Heights,MI,48127,313-562-1420,42.32794,-83.272133,https://locations.deltaco.com/us/mi/dearborn-heights/5644-n-telegraph,Michigan
13201 Middlebelt Rd.,Livonia,MI,48150,734-245-0970,42.379316,-83.334175,https://locations.deltaco.com/us/mi/livonia/13201-middlebelt-rd,Michigan
32439 Gratiot Ave,Roseville,MI,48066,586-294-5895,42.535178,-82.912818,https://locations.deltaco.com/us/mi/roseville/32439-gratiot-ave,Michigan
16252 Fort St.,Southgate,MI,48195,734-720-1051,42.190028,-83.182642,https://locations.deltaco.com/us/mi/southgate/16252-fort-st,Michigan
11386 Telegraph Road,Taylor,MI,48180,313-880-1900,42.223903,-83.269775,https://locations.deltaco.com/us/mi/taylor/11386-telegraph-road,Michigan
26111 Hoover Rd.,Warren,MI,48089,586-757-2333,42.48592,-83.00695,https://locations.deltaco.com/us/mi/warren/26111-hoover-rd,Michigan
10040 Frog Level Rd,Philadelphia,MS,39350,601-389-8210,32.781149,-89.179679,https://locations.deltaco.com/us/ms/philadelphia/10040-frog-level-rd,Mississippi
3780 Hwy 395,Carson City,NV,89705,775-267-6391,39.110951,-119.774519,https://locations.deltaco.com/us/nv/carson-city/3780-hwy-395,Nevada
150 North Boulder Highway,Henderson,NV,89015,702-567-1522,36.041069,-114.982717,https://locations.deltaco.com/us/nv/henderson/150-north-boulder-highway,Nevada
348 N Nellis Blvd,Las Vegas,NV,89110,702-452-5741,36.165344,-115.061391,https://locations.deltaco.com/us/nv/las-vegas/348-n-nellis-blvd,Nevada
20 Falcon Ridge Parkway,Mesquite,NV,89027,702-346-1719,36.804409,-114.108517,https://locations.deltaco.com/us/nv/mesquite/20-falcon-ridge-parkway,Nevada
2531 East Craig Road,North Las Vegas,NV,89030,702-639-0035,36.239343,-115.116045,https://locations.deltaco.com/us/nv/north-las-vegas/2531-east-craig-road,Nevada
2920 Northtowne Ln,Reno,NV,89512,775-673-9777,39.557155,-119.781567,https://locations.deltaco.com/us/nv/reno/2920-northtowne-ln,Nevada
2091 Brierly Way,Sparks,NV,89434,775-355-8839,39.527486,-119.70174,https://locations.deltaco.com/us/nv/sparks/2091-brierly-way,Nevada
804 S. White Sands Blvd.,Alamogordo,NM,88310,575-437-4704,32.882667,-105.960713,https://locations.deltaco.com/us/nm/alamogordo/804-s-white-sands-blvd,New Mexico
10015 Central Ave. N.E.,Albuquerque,NM,87123,505-292-5188,35.072687,-106.536241,https://locations.deltaco.com/us/nm/albuquerque/10015-central-ave-ne,New Mexico
200 US-550,Bernalillo,NM,87004,505-447-5737,35.318218,-106.542732,https://locations.deltaco.com/us/nm/bernalillo/200-us-550,New Mexico
3916 N. Prince St.,Clovis,NM,88101,575-935-1103,34.438216,-103.196938,https://locations.deltaco.com/us/nm/clovis/3916-n-prince-st,New Mexico
1321 N. Riverside Drive,Espanola,NM,87532,505-753-5007,36.011157,-106.064362,https://locations.deltaco.com/us/nm/espanola/1321-n-riverside-drive,New Mexico
5506 E. Main St.,Farmington,NM,87402,505-327-4306,36.770941,-108.141543,https://locations.deltaco.com/us/nm/farmington/5506-e-main-st,New Mexico
550 US Hwy. 491,Gallup,NM,87301,505-722-8916,35.528078,-108.742584,https://locations.deltaco.com/us/nm/gallup/550-us-hwy-491,New Mexico
1885 Emilio Lopez Road,Los Lunas,NM,87031,505-865-4768,34.814213,-106.758444,https://locations.deltaco.com/us/nm/los-lunas/1885-emilio-lopez-road,New Mexico
1101 Unser Blvd SE,Rio Rancho,NM,87124,505-896-0733,35.239952,-106.697711,https://locations.deltaco.com/us/nm/rio-rancho/1101-unser-blvd-se,New Mexico
1908 N Date,Truth Or Consequences,NM,87901,575-894-6501,33.149233,-107.246991,https://locations.deltaco.com/us/nm/truth-or-consequences/1908-n-date,New Mexico
4716 Apex Hwy,Durham,NC,27713,800-852-7204,35.901868,-78.896189,https://locations.deltaco.com/us/nc/durham/4716-apex-hwy,North Carolina
1207 Mt. Vernon Avenue,Marion,OH,43302,740-751-4339,40.580596,-83.097134,https://locations.deltaco.com/us/oh/marion/1207-mt-vernon-avenue,Ohio
4720 E. Main St,Whitehall,OH,43213,614-986-7723,39.955698,-82.8722,https://locations.deltaco.com/us/oh/whitehall/4720-e-main-st,Ohio
770 SW 19th St.,Moore,OK,73160,405-790-1252,35.319332,-97.501492,https://locations.deltaco.com/us/ok/moore/770-sw-19th-st,Oklahoma
110 12th Ave. NE,Norman,OK,73071,405-307-0857,35.219161,-97.424151,https://locations.deltaco.com/us/ok/norman/110-12th-ave-ne,Oklahoma
6645 NW Expressway,Oklahoma City,OK,73132,405-721-1974,35.556495,-97.633685,https://locations.deltaco.com/us/ok/oklahoma-city/6645-nw-expressway,Oklahoma
208 N Perkins Rd,Stillwater,OK,74075,405-372-2528,36.125194,-97.052112,https://locations.deltaco.com/us/ok/stillwater/208-n-perkins-rd,Oklahoma
9637 E 71st Street,Tulsa,OK,74133,539-367-1595,36.06125,-95.868999,https://locations.deltaco.com/us/ok/tulsa/9637-e-71st-street,Oklahoma
1551 Garth Brooks Blvd.,Yukon,OK,73099,405-350-2359,35.484175,-97.759421,https://locations.deltaco.com/us/ok/yukon/1551-garth-brooks-blvd,Oklahoma
1850 14th Ave,Albany,OR,97321,541-967-7133,44.628548,-123.081545,https://locations.deltaco.com/us/or/albany/1850-14th-ave,Oregon
612 SE 3rd St.,Bend,OR,97702,541-322-8702,44.043967,-121.302159,https://locations.deltaco.com/us/or/bend/612-se-3rd-st,Oregon
2164 NE Burnside Rd.,Gresham,OR,97030,503-661-2310,45.498598,-122.411047,https://locations.deltaco.com/us/or/gresham/2164-ne-burnside-rd,Oregon
7390 NE Butler Street,Hillsboro,OR,97124,503-716-8701,45.537722,-122.900922,https://locations.deltaco.com/us/or/hillsboro/7390-ne-butler-street,Oregon
3370 Washburn Way,Klamath Falls,OR,97603,541-887-2340,42.195869,-121.757718,https://locations.deltaco.com/us/or/klamath-falls/3370-washburn-way,Oregon
422. E. Barnett Rd.,Medford,OR,97501,541-816-4349,42.315418,-122.858505,https://locations.deltaco.com/us/or/medford/422-e-barnett-rd,Oregon
583 Lancaster Dr NE,Salem,OR,97301,503-316-8194,44.937649,-122.983563,https://locations.deltaco.com/us/or/salem/583-lancaster-dr-ne,Oregon
424 North 900 West,American Fork,UT,84003,801-492-1781,40.386953,-111.82104,https://locations.deltaco.com/us/ut/american-fork/424-north-900-west,Utah
196 West 500 South,Bountiful,UT,84010,801-397-0388,40.884453,-111.885252,https://locations.deltaco.com/us/ut/bountiful/196-west-500-south,Utah
1733 West Royal Hunte Drive,Cedar City,UT,84720,435-867-0420,37.656336,-113.085454,https://locations.deltaco.com/us/ut/cedar-city/1733-west-royal-hunte-drive,Utah
96 E. 12300 South,Draper City,UT,84020,801-619-0123,40.526322,-111.888078,https://locations.deltaco.com/us/ut/draper-city/96-e-12300-south,Utah
2618 North 1850 West,Farr West,UT,84404,801-782-1148,41.305259,-112.024093,https://locations.deltaco.com/us/ut/farr-west/2618-north-1850-west,Utah
753 W State St,Hurricane,UT,84737,435-522-1366,37.176302,-113.301657,https://locations.deltaco.com/us/ut/hurricane/753-w-state-st,Utah
1428 Arimo Road,Lake Point,UT,84074,801-250-7123,40.683822,-112.271047,https://locations.deltaco.com/us/ut/lake-point/1428-arimo-road,Utah
737 N. Main Street,Layton,UT,84041,801-543-1085,41.070906,-111.977402,https://locations.deltaco.com/us/ut/layton/737-n-main-street,Utah
1466 E 3500 N,Lehi,UT,84043,800-852-7204,40.431478,-111.869776,https://locations.deltaco.com/us/ut/lehi/1466-e-3500-n,Utah
497 E 1400 N,Logan,UT,84341,435-932-6759,41.757822,-111.821598,https://locations.deltaco.com/us/ut/logan/497-e-1400-n,Utah
5672 South 900 East,Murray,UT,84121,801-269-1736,40.647426,-111.866263,https://locations.deltaco.com/us/ut/murray/5672-south-900-east,Utah
585 N. Redwood Road,North Salt Lake,UT,84054,801-295-4321,40.852468,-111.930218,https://locations.deltaco.com/us/ut/north-salt-lake/585-n-redwood-road,Utah
1160 Wall Ave,Ogden,UT,84404,801-394-3822,41.245818,-111.97754,https://locations.deltaco.com/us/ut/ogden/1160-wall-ave,Utah
1599 N State St,Orem,UT,84057,801-225-8501,40.326322,-111.708506,https://locations.deltaco.com/us/ut/orem/1599-n-state-st,Utah
1723 Ute Blvd,Park City,UT,84098,435-649-1050,40.724026,-111.544022,https://locations.deltaco.com/us/ut/park-city/1723-ute-blvd,Utah
4117 S Riverdale Road,Riverdale,UT,84405,801-627-0830,41.188372,-111.98424,https://locations.deltaco.com/us/ut/riverdale/4117-s-riverdale-road,Utah
4436 S 1900 W,Roy,UT,84067,801-731-5221,41.182784,-112.025164,https://locations.deltaco.com/us/ut/roy/4436-s-1900-w,Utah
23 East 2100 South,Salt Lake City,UT,84115,801-484-2100,40.725744,-111.890064,https://locations.deltaco.com/us/ut/salt-lake-city/23-east-2100-south,Utah
8580 S 1300 E,Sandy,UT,84094,801-566-0261,40.595621,-111.853727,https://locations.deltaco.com/us/ut/sandy/8580-s-1300-e,Utah
128 E. Crossroads Blvd,Saratoga Springs,UT,84045,801-766-1201,40.387966,-111.913508,https://locations.deltaco.com/us/ut/saratoga-springs/128-e-crossroads-blvd,Utah
1651 W South Jordan Pkwy,South Jordan,UT,84095,801-253-1831,40.561952,-111.937204,https://locations.deltaco.com/us/ut/south-jordan/1651-w-south-jordan-pkwy,Utah
804 S Spanish Fork Parkway,Spanish Fork,UT,84660,801-798-1354,40.099377,-111.613508,https://locations.deltaco.com/us/ut/spanish-fork/804-s-spanish-fork-parkway,Utah
442 South 1750 West,Springville,UT,84663,801-489-3031,40.161036,-111.642852,https://locations.deltaco.com/us/ut/springville/442-south-1750-west,Utah
1091 N. Bluff St,St. George,UT,84770,435-652-3826,37.125302,-113.602708,https://locations.deltaco.com/us/ut/st-george/1091-n-bluff-st,Utah
1731 W. Bowling Ave.,Taylorsville,UT,84129,801-982-9074,40.669005,-111.93951,https://locations.deltaco.com/us/ut/taylorsville/1731-w-bowling-ave,Utah
786 West Telegraph Road,Washington,UT,84780,435-627-2088,37.128043,-113.522511,https://locations.deltaco.com/us/ut/washington/786-west-telegraph-road,Utah
6876 Redwood Rd,West Jordan,UT,84084,801-568-0347,40.626398,-111.939768,https://locations.deltaco.com/us/ut/west-jordan/6876-redwood-rd,Utah
123 North 2000 West,West Point,UT,84015,801-525-1189,41.115585,-112.065009,https://locations.deltaco.com/us/ut/west-point/123-north-2000-west,Utah
2963 S. 5600 West,West Valley City,UT,84128,801-966-8050,40.706277,-112.024244,https://locations.deltaco.com/us/ut/west-valley-city/2963-s-5600-west,Utah
1725 S.E. Meadowbrook Blvd.,College Place,WA,99324,509-526-0971,46.032863,-118.379656,https://locations.deltaco.com/us/wa/college-place/1725-se-meadowbrook-blvd,Washington
34528 16th Ave S,Federal Way,WA,98003,253-661-7325,47.291748,-122.312861,https://locations.deltaco.com/us/wa/federal-way/34528-16th-ave-s,Washington
7742 Martin Way East,Lacey,WA,98516,360-491-0650,47.054713,-122.776697,https://locations.deltaco.com/us/wa/lacey/7742-martin-way-east,Washington
155 Wellsian Way,Richland,WA,99352,509-300-0037,46.26392,-119.285567,https://locations.deltaco.com/us/wa/richland/155-wellsian-way,Washington
8724 NE Highway 99,Vancouver,WA,98665,360-546-0707,45.685609,-122.660984,https://locations.deltaco.com/us/wa/vancouver/8724-ne-highway-99,Washington
1815 E Isaacs Ave,Walla Walla,WA,99362,509-876-2638,46.075268,-118.309414,https://locations.deltaco.com/us/wa/walla-walla/1815-e-isaacs-ave,Washington
