location_name,street,city,state,zip_code,phone,longitude,latitude,state_name,brand,updated
Cinemark Century Anchorage 16 and XD,301 East 36th Ave,Anchorage,AK,99503,907-770-2602,-149.879106,61.188202,Alaska,Cinemark,2024-03-31
Cinemark Bridge Street and XD,370 The Bridge St,Huntsville,AL,35806,256-327-8340,-86.673594,34.719585,Alabama,Cinemark,2024-03-31
Cinemark Tinseltown USA Benton,17314 I-30,Benton,AR,72019,501-776-2282,-92.636339,34.54269,Arkansas,Cinemark,2024-03-31
Cinemark Towne Centre and XD,201 Skyline Dr,Conway,AR,72032,501-450-7558,-92.429867,35.112336,Arkansas,Cinemark,2024-03-31
Cinemark Colonel Glenn and XD,18 Colonel Glenn Plaza Dr,Little Rock,AR,72210,501-687-0499,-92.405577,34.708475,Arkansas,Cinemark,2024-03-31
Cinemark Mesa 16,1051 N Dobson Rd,Mesa,AZ,85201,480-733-2843,-111.871039,33.433267,Arizona,Cinemark,2024-03-31
Cinemark Century Oro Valley Marketplace,12155 N Oracle Rd,Oro Valley,AZ,85737,520-742-6512,-110.936615,32.425217,Arizona,Cinemark,2024-03-31
Cinemark Sierra Vista 10,2175 El Mercado Loop,Sierra Vista,AZ,85635,520-458-1936,-110.258315,31.531081,Arizona,Cinemark,2024-03-31
Cinemark Century El Con 20 and XD,3601 E Broadway Blvd,Tucson,AZ,85716,520-202-3358,-110.915723,32.221829,Arizona,Cinemark,2024-03-31
Cinemark Century Park Place 20 and XD,5870 E Broadway Blvd,Tucson,AZ,85711,520-745-2321,-110.866918,32.221374,Arizona,Cinemark,2024-03-31
Cinemark Century Tucson Marketplace and XD,1300 E Tucson Marketplace Blvd,Tucson,AZ,85713,520-622-8443,-110.951901,32.187109,Arizona,Cinemark,2024-03-31
Cinemark Jess Ranch,18935 Bear Valley Rd,Apple Valley,CA,92308,760-247-5871,-117.250264,34.470827,California,Cinemark,2024-03-31
Cinemark Carson and XD,20700 S Avalon Blvd,Carson,CA,90746,310-323-0394,-118.2602968,33.8442351,California,Cinemark,2024-03-31
Cinemark Tinseltown Chico 14 and XD,801 East Ave,Chico,CA,95926,530-879-0143,-121.846493,39.760811,California,Cinemark,2024-03-31
Cinemark Chino Movies 8,5546 Philadelphia St,Chino,CA,91710,909-464-1203,-117.684217,34.033677,California,Cinemark,2024-03-31
Cinemark Century Daly City 20 XD and IMAX,1901 Junipero Serra Blvd,Daly City,CA,94015,650-994-2488,-122.470596,37.70349,California,Cinemark,2024-03-31
Cinemark Downey and XD,8840 Apollo Way,Downey,CA,90242,562-803-3014,-118.1318947,33.9224224,California,Cinemark,2024-03-31
Cinemark Imperial Valley Mall 14,3651 S Dogwood Rd,El Centro,CA,92243,760-482-9200,-115.535429,32.791259,California,Cinemark,2024-03-31
Cinemark Century Laguna 16 and XD,9349 Big Horn Blvd,Elk Grove,CA,95758,916-683-5282,-121.406232,38.418594,California,Cinemark,2024-03-31
Cinemark Century Folsom 14,261 Iron Point Rd,Folsom,CA,95630,916-353-5247,-121.188925,38.642202,California,Cinemark,2024-03-31
Cinemark Lake Forest Foothill Ranch,26602 Towne Centre Dr. ,Foothill Ranch,CA,92610,949-588-9402,-117.6716352,33.6766525,California,Cinemark,2024-03-31
Cinemark Century at Pacific Commons and XD,43917 Pacific Commons Blvd,Fremont,CA,94538,510-651-2859,-121.98257,37.506344,California,Cinemark,2024-03-31
Cinemark Hanford Movies 8,1669 W. Lacey,Hanford,CA,93230,559-582-1474,-119.671009,36.328063,California,Cinemark,2024-03-31
Cinemark Century at Hayward,1069 B St,Hayward,CA,94541,510-582-1190,-122.081395,37.67354,California,Cinemark,2024-03-31
Cinemark Century Southland Mall,256 Southland Mall Dr,Hayward,CA,94545,510-784-3040,-122.1037548,37.650561,California,Cinemark,2024-03-31
Cinemark Century Huntington Beach and XD,7777 Edinger Ave,Huntington Beach,CA,92647,714-373-4573,-117.994441,33.731549,California,Cinemark,2024-03-31
Cinemark Century La Quinta and XD,46800 Washington St,La Quinta,CA,92253,760-771-5682,-116.2936256,33.708945,California,Cinemark,2024-03-31
Cinemark Lancaster IMAX and ScreenX,2600 W Ave I,Lancaster,CA,93536,661-940-7086,-118.177672,34.703941,California,Cinemark,2024-03-31
Cinemark At The Pike Outlets and XD,99 South Pine Ave,Long Beach,CA,90802,562-435-5754,-118.1929633,33.7645696,California,Cinemark,2024-03-31
Cinemark Baldwin Hills Crenshaw and XD,4020 Marlton Ave,Los Angeles,CA,90008,323-296-1005,-118.337431,34.011582,California,Cinemark,2024-03-31
Cinemark Howard Hughes Los Angeles and XD,6081 Center Dr,Los Angeles,CA,90045,310-568-3394,-118.391944,33.978047,California,Cinemark,2024-03-31
Cinemark Century Marina and XD,100 10th St,Marina,CA,93933,831-384-1002,-121.8094925,36.6645991,California,Cinemark,2024-03-31
Cinemark Century Great Mall 20 XD and ScreenX,1010 Great Mall Dr,Milpitas,CA,95035,408-942-7441,-121.899395,37.418842,California,Cinemark,2024-03-31
Cinemark Century Monterey 13,1700 Del Monte Center,Monterey,CA,93940,831-373-8051,-121.90069,36.584634,California,Cinemark,2024-03-31
Cinemark Century Mountain View 16,1500 N Shoreline Blvd,Mountain View,CA,94043,650-961-3828,-122.078171,37.415657,California,Cinemark,2024-03-31
Cinemark Century Napa Valley and XD,195 Gasser Dr,Napa,CA,94559,707-251-3780,-122.27868,38.283275,California,Cinemark,2024-03-31
Cinemark Century North Hollywood,12827 Victory Blvd,North Hollywood,CA,91606,818-508-1943,-118.412815,34.186755,California,Cinemark,2024-03-31
Cinemark Century Rowland Plaza,44 Rowland Way,Novato,CA,94945,415-898-3385,-122.557468,38.094731,California,Cinemark,2024-03-31
Cinemark Century Orange and XD,1701 W Katella Ave,Orange,CA,92867,714-532-9558,-117.870432,33.80683,California,Cinemark,2024-03-31
Cinemark Century Riverpark and XD,2766 Seaglass Way,Oxnard,CA,93036,805-988-6083,-119.174194,34.24104,California,Cinemark,2024-03-31
Cinemark Antelope Valley Mall,1475 W Ave P,Palmdale,CA,93551,661-274-4300,-118.154780,34.601849,California,Cinemark,2024-03-31
Cinemark Playa Vista and XD,12746 W Jefferson Blvd,Playa Vista,CA,90094,310-862-5668,-118.4174517,33.9775666,California,Cinemark,2024-03-31
Cinemark Century Downtown Pleasant Hill 16 and XD,125 Crescent Dr,Pleasant Hill,CA,94523,925-288-1371,-122.061774,37.944206,California,Cinemark,2024-03-31
Cinemark Century at the River and XD,71800 Hwy 111,Rancho Mirage,CA,92270,760-836-1940,-116.412092,33.741329,California,Cinemark,2024-03-31
Cinemark Redding 14 and XD,980 Old Alturas Rd,Redding,CA,96003,530-223-7755,-122.347294,40.588303,California,Cinemark,2024-03-31
Cinemark Century Redwood Downtown 20 and XD,825 Middlefield Rd,Redwood City,CA,94063,650-701-1341,-122.228949,37.486145,California,Cinemark,2024-03-31
Cinemark Bistro Renaissance Marketplace and XD,1355 W Renaissance Pkwy,Rialto,CA,92376,909-350-2007,-117.3980476,34.1353711,California,Cinemark,2024-03-31
Cinemark Century Hilltop 16,3200 Klose Way,Richmond,CA,94806,510-758-9626,-122.322305,37.98178,California,Cinemark,2024-03-31
Cinemark Century Blue Oaks Theatres and XD,6692 Lonetree Blvd,Rocklin,CA,95765,916-772-1210,-121.292189,38.797706,California,Cinemark,2024-03-31
Cinemark Roseville Galleria Mall and XD ,1191 Galleria Blvd,Roseville,CA,95678,916-771-2750,-121.2703943,38.7743441,California,Cinemark,2024-03-31
Cinemark Century DOCO and XD,1015 4th St,Sacramento,CA,95814,916-442-9044,-121.501725,38.581651,California,Cinemark,2024-03-31
Cinemark Century Greenback Lane 16 and XD,6233 Garfield Ave,Sacramento,CA,95841,916-332-2622,-121.334093,38.679894,California,Cinemark,2024-03-31
Cinemark Century Arden 14 and XD,1590 Ethan Way,Sacramento,CA,95825,916-922-4241,-121.419937,38.593069,California,Cinemark,2024-03-31
Cinemark Century Northridge Mall 14,350 Northridge Shopping Ctr,Salinas,CA,93906,831-449-4168,-121.655761,36.716739,California,Cinemark,2024-03-31
Cinemark Century at Tanforan and XD,1188 El Camino Real,San Bruno,CA,94066,650-588-6052,-122.417798,37.637907,California,Cinemark,2024-03-31
Cinemark CinéArts Santana Row,3088 Olsen Dr,San Jose,CA,95128,408-554-7010,-121.948645,37.319123,California,Cinemark,2024-03-31
Cinemark Century Oakridge 20 XD and ScreenX,925 Blossom Hill Rd,San Jose,CA,95123,408-225-7340,-121.863312,37.250621,California,Cinemark,2024-03-31
Cinemark Century Bayfair Mall 16,15555 East 14th St,San Leandro,CA,94578,510-276-9684,-122.124991,37.702572,California,Cinemark,2024-03-31
Cinemark Century San Mateo 12,320 East 2nd Ave,San Mateo,CA,94401,650-558-0512,-122.322831,37.56636,California,Cinemark,2024-03-31
Cinemark Century Northgate,7000 Northgate Dr,San Rafael,CA,94903,415-491-1314,-122.544094,38.002534,California,Cinemark,2024-03-31
Cinemark Tracy 14,3300 N Naglee Rd,Tracy,CA,95376,209-833-8897,-121.462254,37.759955,California,Cinemark,2024-03-31
Cinemark Century Union Landing 25 and XD,32100 Union Landing,Union City,CA,94587,510-487-9347,-122.065764,37.600117,California,Cinemark,2024-03-31
Cinemark Century Vallejo 14,109 Plaza Dr,Vallejo,CA,94591,707-553-1205,-122.217924,38.134588,California,Cinemark,2024-03-31
Cinemark Century Ventura Downtown 10,555 E Main St,Ventura,CA,93001,805-641-6555,-119.292263,34.28096,California,Cinemark,2024-03-31
Cinemark Victorville 16 and XD,14470 Bear Valley Rd,Victorville,CA,92392,760-243-2037,-117.349748,34.470476,California,Cinemark,2024-03-31
Cinemark Century Walnut Creek 14 and XD,1201 Locust St,Walnut Creek,CA,94596,925-937-7031,-122.06154,37.896268,California,Cinemark,2024-03-31
Cinemark Yuba City,1410 Whyler Rd,Yuba City,CA,95993,530-751-2850,-121.636376,39.130870,California,Cinemark,2024-03-31
Cinemark Century Aurora and XD,14300 East Alameda Ave,Aurora,CO,80012,303-363-0300,-104.821337,39.710895,Colorado,Cinemark,2024-03-31
Cinemark Century Boulder,1700 29th St,Boulder,CO,80301,303-444-0583,-105.256123,40.016802,Colorado,Cinemark,2024-03-31
Cinemark Tinseltown Colorado Springs and XD,1545 E Cheyenne Mountain Blvd,Colorado Springs,CO,80906,719-576-5082,-104.798885,38.790682,Colorado,Cinemark,2024-03-31
Cinemark Carefree Circle XD and IMAX,3305 Cinema Point,Colorado Springs,CO,80922,719-596-2173,-104.716739,38.880916,Colorado,Cinemark,2024-03-31
Cinemark Fort Collins,4721 South Timberline Rd,Fort Collins,CO,80528,970-377-0782,-105.039339,40.521547,Colorado,Cinemark,2024-03-31
Cinemark Bistro Fort Collins and XD,335 E Foothills Parkway,Fort Collins,CO,80525,970-207-4009,-105.0742255,40.5442772,Colorado,Cinemark,2024-03-31
Cinemark Greeley Mall,2160 Greeley Mall,Greeley,CO,80631,970-353-4361,-104.711894,40.388514,Colorado,Cinemark,2024-03-31
Cinemark Century Bel Mar 16 and XD,440 S Teller St,Lakewood,CO,80226,303-935-3238,-105.07677,39.708433,Colorado,Cinemark,2024-03-31
Cinemark Tinseltown Pueblo,4140 N Freeway,Pueblo,CO,81008,719-562-9053,-104.614325,38.311801,Colorado,Cinemark,2024-03-31
Cinemark Buckland Hills 18 XD and IMAX,99 Redstone Rd,Manchester,CT,06042,860-646-4555,-72.547724,41.801035,Connecticut,Cinemark,2024-03-31
Cinemark Connecticut Post 14 and IMAX,1201 Boston Post Rd,Milford,CT,06460,203-878-8037,-73.03579,41.236051,Connecticut,Cinemark,2024-03-31
Cinemark North Haven and XD,550 Universal Dr,North Haven,CT,06473,203-234-8100,-72.8736075,41.3590354,Connecticut,Cinemark,2024-03-31
Cinemark Christiana and XD,1200 Christiana Mall,Newark,DE,19702,302-737-2602,-75.653239,39.682726,Delaware,Cinemark,2024-03-31
Cinemark Wilmington Movies 10,1796 W Newport Pike,Wilmington,DE,19804,302-994 7075,-75.630595,39.715829,Delaware,Cinemark,2024-03-31
Cinemark Bistro Boca Raton and XD,3200 Airport Rd,Boca Raton,FL,33431,561-395-4695,-80.113217,26.376463,Florida,Cinemark,2024-03-31
Cinemark Boynton Beach 14 and XD,1151 N Congress Ave,Boynton Beach,FL,33426,561-752-9797,-80.090815,26.537513,Florida,Cinemark,2024-03-31
Cinemark Paradise 24 and XD,15601 Sheridan St,Davie,FL,33331,954-680-3495,-80.356064,26.032251,Florida,Cinemark,2024-03-31
Cinemark Tinseltown Jacksonville and XD,4535 Southside Blvd,Jacksonville,FL,32216,904-998-2122,-81.558812,30.267735,Florida,Cinemark,2024-03-31
Cinemark Jacksonville Atlantic North and XD,11567 Atlantic Blvd,Jacksonville,FL,32225,904-915-2091,-81.49670343084176,30.324297566334394,Florida,Cinemark,2024-03-31
Cinemark Lakeland Square Mall and XD,3800 US Highway 98 N,Lakeland,FL,33809,863-859-3140,-81.978279,28.091024,Florida,Cinemark,2024-03-31
Cinemark Orlando and XD,5150 International Dr,Orlando,FL,32819,407-352-1042,-81.450505,28.470330,Florida,Cinemark,2024-03-31
Universal Cinemark at CityWalk and XD,6000 Universal Blvd ,Orlando,FL,32819,407-354-3374,-81.4698973,28.4735695,Florida,Cinemark,2024-03-31
Cinemark Durbin Park and XD,435 Durbin Pavilion Dr,St. Johns,FL,32259,904-230-4622,-81.521011,30.098343,Florida,Cinemark,2024-03-31
Cinemark Tinseltown Fayetteville 17 and XD,134 Pavilion Parkway,Fayetteville,GA,30214,770-460-7226,-84.440831,33.480056,Georgia,Cinemark,2024-03-31
Cinemark Altoona and XD,2227 Adventureland Dr NW,Altoona,IA,50009,515-967-2236,-93.4913557,41.660299,Iowa,Cinemark,2024-03-31
Cinemark Ames Movies 12,1317 Buckeye Ave,Ames,IA,50010,515-232-5066,-93.611528,42.010162,Iowa,Cinemark,2024-03-31
Cinemark Davenport 18 XD and IMAX,3601 East 53rd St,Davenport,IA,52807,563-441-0242,-90.518407,41.572957,Iowa,Cinemark,2024-03-31
Cinemark Century Jordan Creek 20 and XD,101 Jordan Creek Parkway,West Des Moines,IA,50266,515-267-8981,-93.809016,41.568902,Iowa,Cinemark,2024-03-31
Cinemark Majestic Cinemas,2140 E Cinema Dr,Meridian,ID,83642,(208) 893-5028,-116.368955,43.592378,Idaho,Cinemark,2024-03-31
Cinemark Bourbonnais Movies 10,1600 N State Route 50,Bourbonnais,IL,60914,815-933-5983,-87.851223,41.173612,Illinois,Cinemark,2024-03-31
Cinemark Century Deer Park 16,21600 W Field Parkway,Deer Park,IL,60010,847-438-8518,-88.054793,42.157466,Illinois,Cinemark,2024-03-31
Cinemark Louis Joliet Mall,3340 Mall Loop Dr,Joliet,IL,60431,815-267-8832,-88.16421,41.578182,Illinois,Cinemark,2024-03-31
Cinemark Melrose Park and XD,1001 West North Ave,Melrose Park,IL,60160,708-338-2294,-87.846169,41.908243,Illinois,Cinemark,2024-03-31
Cinemark Tinseltown USA Aurora,320 S Lincolnway St,North Aurora,IL,60542,630-906-0496,-88.322911,41.792477,Illinois,Cinemark,2024-03-31
Cinemark Cantera Warrenville and XD,28250 Diehl Rd. ,Warrenville,IL,60555,630-836-8265,-88.1736367,41.8050466,Illinois,Cinemark,2024-03-31
Cinemark Spring Hill Mall and XD,2000 Spring Hill Mall,West Dundee,IL,60118,847-844-1089,-88.298475,42.100816,Illinois,Cinemark,2024-03-31
Cinemark Seven Bridges and IMAX,6500 Route 53,Woodridge,IL,60517,630-663-8892,-88.067823,41.766448,Illinois,Cinemark,2024-03-31
Cinemark Greenwood Corner,1848 E Stop 13 Rd,Indianapolis,IN,46227,317-882-2685,-86.128614,39.638348,Indiana,Cinemark,2024-03-31
Cinemark South Bend Movies 14,910 W Edison Rd,Mishawaka,IN,46545,574-254-9689,-86.193651,41.694759,Indiana,Cinemark,2024-03-31
Cinemark Valparaiso,700 Porter's Vale Blvd,Valparaiso,IN,46383,219-464-0260,-87.01588,41.473464,Indiana,Cinemark,2024-03-31
Cinemark Merriam and XD,5500 Antioch,Merriam,KS,66202,913-789-7038,-94.686470,39.029502,Kansas,Cinemark,2024-03-31
Cinemark Ashland,400 Winchester Ave,Ashland,KY,41101,606-324-3128,-82.655336,38.486477,Kentucky,Cinemark,2024-03-31
Cinemark Florence 14 and XD,7860 Mall Rd,Florence,KY,41042,859-282-6619,-84.647303,38.993766,Kentucky,Cinemark,2024-03-31
Cinemark Fayette Mall and XD,3800 Mall Rd,Lexington,KY,40503,859-971-0718,-84.527913,37.981601,Kentucky,Cinemark,2024-03-31
Cinemark Tinseltown Louisville and XD,4400 Towne Center Dr,Louisville,KY,40241,502-326-9272,-85.557555,38.300016,Kentucky,Cinemark,2024-03-31
Cinemark Mall St. Matthews and XD,5000 Shelbyville Rd,Louisville,KY,40207,502-259-9649,-85.62507,38.24905,Kentucky,Cinemark,2024-03-31
Cinemark Preston Crossings 16 and XD,9700 Preston Crossing Blvd,Louisville,KY,40229,502-961-9700,-85.671585,38.108222,Kentucky,Cinemark,2024-03-31
Cinemark Paducah,5159 Hinkleville Rd,Paducah,KY,42001,270-444-9588,-88.694935,37.074258,Kentucky,Cinemark,2024-03-31
Cinemark At Richmond Centre,2103 Lantern Ridge Dr,Richmond,KY,40475,859-626-7577,-84.328247,37.737434,Kentucky,Cinemark,2024-03-31
Cinemark Perkins Rowe and XD,10000 Perkins Rowe,Baton Rouge,LA,70810,225-761-7845,-91.095358,30.379584,Louisiana,Cinemark,2024-03-31
Cinemark Lake Charles and XD,548 W Prien Lake Rd,Lake Charles,LA,70601,337-562-0053,-93.226869,30.198201,Louisiana,Cinemark,2024-03-31
Cinemark Bistro Lake Charles,3416 Derek Dr,Lake Charles,LA,70607,337-477-3913,-93.1768217,30.1942479,Louisiana,Cinemark,2024-03-31
Cinemark Shreveport South Tinseltown and XD,8400 Millicent Way,Shreveport,LA,71105,318-798-6488,-93.714525,32.425641,Louisiana,Cinemark,2024-03-31
Cinemark Tinseltown West Monroe 17,220 Blanchard St,West Monroe,LA,71291,318-398-0882,-92.162518,32.509582,Louisiana,Cinemark,2024-03-31
Cinemark At Hampshire Mall and XD,367 Russell St,Hadley,MA,01035,413-587-4237,-72.550438,42.357777,Massachusetts,Cinemark,2024-03-31
Cinemark West Springfield 15 and XD,864 Riverdale Rd,West Springfield,MA,01089,413-733-5134,-72.626925,42.128092,Massachusetts,Cinemark,2024-03-31
Cinemark Columbia Snowden and ScreenX,9161 Commerce Center Dr. ,Columbia,MD,21046,410-872-0676,-76.8221417,39.1776909,Maryland,Cinemark,2024-03-31
Cinemark Egyptian 24 and XD,7000 Arundel Mills Circle,Hanover,MD,21076,443-755-8990,-76.725453,39.162255,Maryland,Cinemark,2024-03-31
Cinemark Towson and XD,111 East Joppa Rd,Towson,MD,21286,410-828-1262,-76.600517,39.401958,Maryland,Cinemark,2024-03-31
Cinemark Flint West 14,1591 South Graham Rd,Flint,MI,48532,810-732-6668,-83.751247,43.004184,Michigan,Cinemark,2024-03-31
Cinemark Southland Center and XD,23000 Eureka Rd,Taylor,MI,48180,734-287-0629,-83.2569017,42.200604,Michigan,Cinemark,2024-03-31
Cinemark Ann Arbor 20 and IMAX,4100 Carpenter Rd,Ypsilanti,MI,48197,734-973-8424,-83.681075,42.227451,Michigan,Cinemark,2024-03-31
Cinemark River Hills Mall Movies 8,1850 Adams St,Mankato,MN,56001,507-625-1929,-93.952142,44.170508,Minnesota,Cinemark,2024-03-31
Cinemark Gulfport 16,15171 Crossroads Pkwy,Gulfport,MS,39503,228-539-5294,-89.091396,30.436136,Mississippi,Cinemark,2024-03-31
Cinemark Pearl and XD,411 Riverwind Dr,Pearl,MS,39208,601-936-5856,-90.145625,32.267637,Mississippi,Cinemark,2024-03-31
Cinemark Tupelo Movies 8,1001 Barnes Crossing Rd,Tupelo,MS,38804,662-844-8256,-88.67842,34.31756,Mississippi,Cinemark,2024-03-31
Cinemark Helena and XD,750 Great Northern Blvd,Helena,MT,59601,406-442-4225,-112.037727,46.595644,Montana,Cinemark,2024-03-31
Cinemark Signature Stadium Kalispell 14,185 Hutton Ranch Rd,Kalispell,MT,59901,406-752-7804,-114.326788,48.233506,Montana,Cinemark,2024-03-31
Cinemark Asheboro,400 Randolph Mall,Asheboro,NC,27203,336-626-3450,-79.788436,35.70095,North Carolina,Cinemark,2024-03-31
Cinemark Bistro at The Carolina Asheville,1640 Hendersonville Rd,Asheville,NC,28803,828-274-8811,-82.524830,35.511577,North Carolina,Cinemark,2024-03-31
Cinemark Bistro Charlotte,9630 Monroe Rd,Charlotte,NC,28270,704-847-2031,-80.7435555,35.1402487,North Carolina,Cinemark,2024-03-31
Cinemark Bistro Raleigh,4840 Grove Barton Rd,Raleigh,NC,27613,919-788-9000,-78.7184804,35.8721214,North Carolina,Cinemark,2024-03-31
Cinemark Tinseltown Salisbury,305 Faith Rd,Salisbury,NC,28146,704-639-1342,-80.458081,35.652238,North Carolina,Cinemark,2024-03-31
Cinemark Rockingham Park and XD,15 Mall Rd,Salem,NH,03079,603-890-7111,-71.230399,42.770966,New Hampshire,Cinemark,2024-03-31
Cinemark Hazlet 12,2821 Highway 35,Hazlet,NJ,07730,732-888-1352,-74.169731,40.41961,New Jersey,Cinemark,2024-03-31
Cinemark Somerdale 16 and XD,711 Evesham Rd,Somerdale,NJ,08083,856-784-3429,-75.017278,39.858997,New Jersey,Cinemark,2024-03-31
Cinemark Watchung and XD ,1670 US Route 22 East,Watchung,NJ,07069,908-561-5970 ,-74.408106,40.647325,New Jersey,Cinemark,2024-03-31
Cinemark Willowbrook Mall and XD,360 Willowbrook Mall,Wayne,NJ,07470,973-890-8644,-74.260523,40.889992,New Jersey,Cinemark,2024-03-31
Cinemark Century Rio Plex 24 and XD,4901 Pan American Fwy NE,Albuquerque,NM,87109,505-343-9000,-106.601246,35.138486,New Mexico,Cinemark,2024-03-31
Cinemark Cinedome Henderson 12,851 S Boulder Hwy,Henderson,NV,89015,702-566-1570,-114.965692,36.024691,Nevada,Cinemark,2024-03-31
Cinemark Century Orleans 18 and XD,4500 West Tropicana Blvd,Las Vegas,NV,89103,702-889-1220,-115.203217,36.101057,Nevada,Cinemark,2024-03-31
Cinemark Century Suncoast 16 and XD,9090 Alta Dr,Las Vegas,NV,89144,702-869-1880,-115.293548,36.167725,Nevada,Cinemark,2024-03-31
Cinemark Century Sam's Town 18,5111 Boulder Hwy,Las Vegas,NV,89122,702-547-1732,-115.063879,36.112671,Nevada,Cinemark,2024-03-31
Cinemark Century Santa Fe Station 16 and XD,4949 N Rancho Dr,Las Vegas,NV,89130,702-655-8178,-115.23776,36.250586,Nevada,Cinemark,2024-03-31
Cinemark Century South Point 16 and XD,9777 Las Vegas Blvd South,Las Vegas,NV,89183,702-260-4061,-115.172559,36.012294,Nevada,Cinemark,2024-03-31
Cinemark Century Park Lane 16,2040 Century Way,Reno,NV,89502,775-824-3300,-119.801428,39.505599,Nevada,Cinemark,2024-03-31
Cinemark Century Riverside 12,11 N Sierra St,Reno,NV,89501,775-786-2753,-119.814131,39.524889,Nevada,Cinemark,2024-03-31
Cinemark Century Summit Sierra,13965 S Virginia St,Reno,NV,89511,775-851-4347,-119.747747,39.402651,Nevada,Cinemark,2024-03-31
Cinemark Tinseltown Rochester and IMAX,2291 Buffalo Rd,Rochester,NY,14624,585-247-0042,-77.710516,43.147123,New York,Cinemark,2024-03-31
Cinemark The Greene 14 and IMAX,4489 Glengarry Dr,Beavercreek,OH,45440,937-429-4130,-84.104671,39.69348,Ohio,Cinemark,2024-03-31
Cinemark Tinseltown Boardman and XD,7401 Market St,Boardman,OH,44512,330-965-2335,-80.662703,41.021031,Ohio,Cinemark,2024-03-31
Cinemark Oakley Station and XD,3025 Disney St,Cincinnati,OH,45209,513-351-2381,-84.424731,39.160816,Ohio,Cinemark,2024-03-31
Cinemark Western Hills 14,5870 Harrison Ave,Cincinnati,OH,45248,513-574-4315,-84.64129,39.173676,Ohio,Cinemark,2024-03-31
Cinemark Polaris 18 and XD,1071 Gemini Place,Columbus,OH,43240,614-781-8228,-82.986152,40.146601,Ohio,Cinemark,2024-03-31
Cinemark Cuyahoga Falls and XD,2925 State Rd,Cuyahoga Falls,OH,44223,330-928-4520,-81.508580,41.151608,Ohio,Cinemark,2024-03-31
Cinemark Stoneridge Plaza Movies 16,323 Stoneridge Ln,Gahanna,OH,43230,614-471-7625,-82.866348,40.053139,Ohio,Cinemark,2024-03-31
Cinemark Huber Heights 16,7737 Waynetowne Blvd,Huber Heights,OH,45424,937-237-5269,-84.14322,39.868343,Ohio,Cinemark,2024-03-31
Cinemark River Valley Mall and XD,1611 River Valley Circle S,Lancaster,OH,43130,740-681-5697,-82.62567159999998,39.7307613,Ohio,Cinemark,2024-03-31
Cinemark Fallen Timbers 14 and XD,2300 Village Dr W,Maumee,OH,43537,419-878-3898,-83.705156,41.544935,Ohio,Cinemark,2024-03-31
Cinemark Milford 16,500 Rivers Edge Dr,Milford,OH,45150,513-248-2169,-84.270222,39.163563,Ohio,Cinemark,2024-03-31
Cinemark Bistro North Canton,6284 Dressler Rd NW,North Canton,OH,44720,330-497-9118,-81.424178,40.871126,Ohio,Cinemark,2024-03-31
Cinemark Tinseltown North Canton and XD,4720 Mega St NW,North Canton,OH,44720,330-305-9877,-81.438646,40.872486,Ohio,Cinemark,2024-03-31
Cinemark Ontario Towne Center,2355 Walker Lake Rd,Ontario,OH,44903,419-589-7300,-82.524119,40.76801,Ohio,Cinemark,2024-03-31
Cinemark Levis Commons 12,2005 Hollenbeck Dr,Perrysburg,OH,43551,419-874-2154,-83.640525,41.527166,Ohio,Cinemark,2024-03-31
Cinemark Miami Valley,1020 Garbry Rd,Piqua,OH,45356,937-778-1438,-84.216860,40.145996,Ohio,Cinemark,2024-03-31
Cinemark Sandusky Mall,4314 Milan Rd,Sandusky,OH,44870,419-621-1380,-82.671862,41.419447,Ohio,Cinemark,2024-03-31
Cinemark Strongsville at Southpark Mall,17450 Southpark Center,Strongsville,OH,44136,440-878-3708,-81.8221,41.310728,Ohio,Cinemark,2024-03-31
Cinemark Tiffin Mall 8,870 W Market St,Tiffin,OH,44883,419-443-0897,-83.212059,41.112097,Ohio,Cinemark,2024-03-31
Cinemark Franklin Park 16 and XD,5001 Monroe St,Toledo,OH,43623,419-472-2324,-83.641137,41.696264,Ohio,Cinemark,2024-03-31
Cinemark Valley View and XD,6001 Canal Rd,Valley View,OH,44125,216-447-8820,-81.624501,41.400348,Ohio,Cinemark,2024-03-31
Cinemark Dayton South 16 and XD,195 Mall Woods Dr,West Carrollton,OH,45449,937-435-1806,-84.227924,39.643378,Ohio,Cinemark,2024-03-31
Cinemark Wooster Movies 10,4108 Burbank Rd,Wooster,OH,44691,330-345-2610,-81.946848,40.850303,Ohio,Cinemark,2024-03-31
Cinemark Colony Square Mall,3575 Maple Ave,Zanesville,OH,43701,740-452-8683,-82.009399,39.94862,Ohio,Cinemark,2024-03-31
Cinemark Ada,1090 North Hills Center,Ada,OK,74820,580-421-9905,-96.665752,34.790792,Oklahoma,Cinemark,2024-03-31
Cinemark Broken Arrow,1801 E Hillside Dr,Broken Arrow,OK,74012,918-355-0427,-95.772503,36.064714,Oklahoma,Cinemark,2024-03-31
Cinemark Tinseltown Oklahoma City and XD,6001 N Martin Luther King Blvd,Oklahoma City,OK,73111,405-424-0461,-97.476635,35.531840,Oklahoma,Cinemark,2024-03-31
Cinemark Tulsa and IMAX,10802 E 71st St,Tulsa,OK,74133,918-250-1956,-95.856389,36.05864,Oklahoma,Cinemark,2024-03-31
Cinemark Cedar Hills 16,3200 SW Hocken Ave,Beaverton,OR,97005,503-520-0892,-122.81254,45.496821,Oregon,Cinemark,2024-03-31
Cinemark Clackamas Town Center and XD,12000 SE 82nd Ave,Clackamas,OR,97086,503-654-1498,-122.576092,45.436607,Oregon,Cinemark,2024-03-31
Cinemark Tinseltown Medford 15,651 Medford Center,Medford,OR,97501,541-770-2508,-122.867291,42.331470,Oregon,Cinemark,2024-03-31
Cinemark Century Eastport Plaza 16,4040 SE 82nd Ave,Portland,OR,97266,503-772-1111,-122.578654,45.493135,Oregon,Cinemark,2024-03-31
Cinemark Eugene Springfield 17,2900 Gateway,Springfield,OR,97477,541-746-5531,-123.042502,44.073797,Oregon,Cinemark,2024-03-31
Cinemark Tinseltown Erie,1910 Rotunda Dr,Erie,PA,16509,814-866-3390,-80.089785,42.057859,Pennsylvania,Cinemark,2024-03-31
Cinemark Center Township Marketplace,99 Wagner Rd,Monaca,PA,15061,724-775-4993,-80.3083192,40.6821732,Pennsylvania,Cinemark,2024-03-31
Cinemark Monroeville Mall and XD,600 Monroeville Mall,Monroeville,PA,15146,412-373-1794,-79.795735,40.4282641,Pennsylvania,Cinemark,2024-03-31
Cinemark Montage Mountain 20 and XD,40 Glenmaura National Blvd,Moosic,PA,18507,570-961-5943,-75.677866,41.361126,Pennsylvania,Cinemark,2024-03-31
Cinemark University City Penn 6,4012 Walnut St,Philadelphia,PA,19104,215-386-9800,-75.20302,39.953993,Pennsylvania,Cinemark,2024-03-31
Cinemark Robinson Township and XD,2100 Settlers Ridge Center Dr,Pittsburgh,PA,15205,412-787-1368,-80.147243,40.439292,Pennsylvania,Cinemark,2024-03-31
Cinemark North Hills and XD,851 Providence Blvd,Pittsburgh,PA,15237,412-364-1095,-80.0196746,40.5705043,Pennsylvania,Cinemark,2024-03-31
Cinemark Stroud Mall and XD,344 Stroud Mall Rd,Stroudsburg,PA,18360,570-421-1284,-75.22433,40.98789,Pennsylvania,Cinemark,2024-03-31
Cinemark Bluffton,106 Buckwalter Pkwy,Bluffton,SC,29910,843-757-2859,-80.911034,32.283496,South Carolina,Cinemark,2024-03-31
Cinemark Myrtle Beach,2100 Coastal Grand Circle,Myrtle Beach,SC,29577,843-839-3225,-78.927418,33.700962,South Carolina,Cinemark,2024-03-31
Cinemark Summerville,4488 Ladson Rd,Summerville,SC,29485,843-873-1501,-80.160836,32.955046,South Carolina,Cinemark,2024-03-31
Cinemark Century Sioux Falls 14 and XD,2400 South Carolyn Ave,Sioux Falls,SD,57106,605-362-5068,-96.778076,43.525087,South Dakota,Cinemark,2024-03-31
Cinemark Century East at Dawley Farm,1101 S Highline Place,Sioux Falls,SD,57110,605-334-2468,-96.654639,43.5378,South Dakota,Cinemark,2024-03-31
Cinemark Tinseltown Oak Ridge,755 Main St W,Oak Ridge,TN,37830,865-220-8898,-84.255578,36.012108,Tennessee,Cinemark,2024-03-31
Cinemark Century Abilene 12,3818 John Knox Dr,Abilene,TX,79606,325-793-9292,-99.768473,32.404462,Texas,Cinemark,2024-03-31
Cinemark Abilene and XD,672 E Overland Trail,Abilene,TX,79601,(325) 670-0097,-99.72633,32.491009,Texas,Cinemark,2024-03-31
Cinemark Allen 16 and XD,921 SH 121,Allen,TX,75013,214-383-9712,-96.676126,33.145171,Texas,Cinemark,2024-03-31
Cinemark Amarillo Hollywood 16 and XD,9100 Canyon Dr,Amarillo,TX,79119,806-352-7411,-101.910702,35.115117,Texas,Cinemark,2024-03-31
Cinemark Athens Cinema 4,218 Wood St,Athens,TX,75751,903-677-2003,-95.837227,32.207328,Texas,Cinemark,2024-03-31
Cinemark Southpark Meadows,9900 S IH-35 Service Rd SB,Austin,TX,78748,512-291-0171,-97.79053,30.158495,Texas,Cinemark,2024-03-31
Cinemark Beaumont 15 and XD,3855 Interstate 10 South,Beaumont,TX,77705,409-840-4432,-94.152051,30.042429,Texas,Cinemark,2024-03-31
Cinemark Hill Country Galleria,12812 Hill Country Blvd,Bee Cave,TX,78738,512-263-0862,-97.940457,30.309169,Texas,Cinemark,2024-03-31
Cinemark Cinema Big Spring 4,1801 East FM 700,Big Spring,TX,79720,432-263-2252,-101.4358,32.250753,Texas,Cinemark,2024-03-31
Cinemark Sunrise Mall and XD,2370 Old Hwy 77,Brownsville,TX,78520,956-547-9213,-97.504772,25.951410,Texas,Cinemark,2024-03-31
Cinemark Cedar Hill,280 Uptown Blvd,Cedar Hill,TX,75104,972-291-5069,-96.950247,32.592039,Texas,Cinemark,2024-03-31
Cinemark Cedar Park,1335 E Whitestone Blvd,Cedar Park,TX,78613,512-259-6741,-97.813445,30.526171,Texas,Cinemark,2024-03-31
Cinemark Cleburne Cinema 6,1643 W Henderson St,Cleburne,TX,76031,817-556-2901,-97.411664,32.339072,Texas,Cinemark,2024-03-31
Cinemark College Station and XD,1401 Earl Rudder Fwy S,College Station,TX,77845,979-764-9692,-96.303458,30.63313,Texas,Cinemark,2024-03-31
Cinemark Century Corpus Christi 16 XD and IMAX,6685 South Padre Island,Corpus Christi,TX,78412,361-985-2227,-97.350975,27.697721,Texas,Cinemark,2024-03-31
Cinemark Cypress and XD,25720 Northwest Frwy,Cypress,TX,77429,281-256-7652,-95.691367,29.969365,Texas,Cinemark,2024-03-31
"CUT! by Cinemark Cypress — Dine-in Theatre, Kitchen & Bar",29030 Northwest Freeway,Cypress,TX,77433,281-256-8744,-95.75186438863138,29.995208887585918,Texas,Cinemark,2024-03-31
Cinemark Dallas XD and IMAX,11819 Webb Chapel Rd,Dallas,TX,75234,972-247-8172,-96.872411,32.909946,Texas,Cinemark,2024-03-31
Cinemark Del Rio Movies 8,2205 Veterans Blvd,Del Rio,TX,78840,830-775-8120,-100.908904,29.44783,Texas,Cinemark,2024-03-31
Cinemark Denton 14,2825 Wind River Ln,Denton,TX,76210,940-535-2654,-97.098863,33.176120,Texas,Cinemark,2024-03-31
Cinemark Mall de Las Aguilas,455 South Bibb St,Eagle Pass,TX,78852,830-758-0643,-100.483223,28.702068,Texas,Cinemark,2024-03-31
Cinemark Bistro Edinburg,2001 W Trenton,Edinburg,TX,78539,956-631-3990,-98.190565,26.264209,Texas,Cinemark,2024-03-31
Cinemark Tinseltown Las Palmas XD and ScreenX,11855 Gateway Blvd W,El Paso,TX,79936,915-590-4676,-106.307535,31.727320,Texas,Cinemark,2024-03-31
Cinemark West El Paso XD and ScreenX,7440 Remcon Circle,El Paso,TX,79912,915-587-5145,-106.563778,31.834346,Texas,Cinemark,2024-03-31
Cinemark Cielo Vista Mall 14 and XD,8401C Gateway Blvd W,El Paso,TX,79925,915-771-0072,-106.372006,31.780881,Texas,Cinemark,2024-03-31
Cinemark East Montana and XD,12704 East Montana,El Paso,TX,79938,915-849-1661,-106.246934,31.809111,Texas,Cinemark,2024-03-31
Cinemark Alliance Town Center and XD,9228 Sage Meadow Trail,Fort Worth,TX,76177,817-750-0560,-97.314447,32.909358,Texas,Cinemark,2024-03-31
Cinemark Rave Ridgmar 13 and XD,2300 Green Oaks Rd,Fort Worth,TX,76116,817-566-0025,-97.437583,32.739115,Texas,Cinemark,2024-03-31
Cinemark Frisco Square and XD,5655 Frisco Square Blvd,Frisco,TX,75034,214-705-9901,-96.83756,33.150315,Texas,Cinemark,2024-03-31
"CUT! by Cinemark Frisco — Dine-in Theatre, Kitchen & Bar",6969 US Hwy 380,Frisco,TX,75033,972-433-1035,-96.8244595,33.2170444,Texas,Cinemark,2024-03-31
Cinemark Grand Prairie ,220 W Westchester Pkwy,Grand Prairie,TX,75052,972-263-0104,-97.012517,32.673916,Texas,Cinemark,2024-03-31
Cinemark Tinseltown Grapevine and XD,911 State Hwy 114 W,Grapevine,TX,76051,817-481-5040,-97.085248,32.919737,Texas,Cinemark,2024-03-31
Cinemark Harker Heights,201 E Central Texas Expy,Harker Heights,TX,76548,254-690-4581,-97.670215,31.071567,Texas,Cinemark,2024-03-31
Cinemark Harlingen 16 and XD,401 S Expressway 83,Harlingen,TX,78550,956-428-3224,-97.716952,26.188764,Texas,Cinemark,2024-03-31
Cinemark Tinseltown Houston 290 and XD,12920 Northwest Fwy,Houston,TX,77040,713-329-9402,-95.496395,29.844232,Texas,Cinemark,2024-03-31
Cinemark Tinseltown Jacinto City and XD,11450 East Fwy,Houston,TX,77029,713-330-3987,-95.228280,29.771712,Texas,Cinemark,2024-03-31
Cinemark Memorial City,310 Memorial City Mall,Houston,TX,77024,713-467-9749,-95.539951,29.778684,Texas,Cinemark,2024-03-31
Cinemark North East Mall 18 and XD,1101 Melbourne Rd,Hurst,TX,76053,817-591-8540,-97.2025333,32.8298826,Texas,Cinemark,2024-03-31
Cinemark Katy and XD,1030 W Grand Pkwy N,Katy,TX,77449,281-371-6008,-95.775049,29.80136,Texas,Cinemark,2024-03-31
Cinemark Lancaster Movies 14,3250 W Pleasant Run Rd,Lancaster,TX,75146,972-230-1510,-96.819198,32.604096,Texas,Cinemark,2024-03-31
Cinemark Mall del Norte,5300 San Dario Ave,Laredo,TX,78041,956-725-0132,-99.503044,27.548048,Texas,Cinemark,2024-03-31
Cinemark Lewisville and XD,2401 S Stemmons Freeway,Lewisville,TX,75067,972-315-6152,-96.971821,33.006109,Texas,Cinemark,2024-03-31
Cinemark Southwest Lubbock Movies 16 and XD,5721 58th St,Lubbock,TX,79424,806-796-2804,-101.936448,33.542065,Texas,Cinemark,2024-03-31
Cinemark Tinseltown Lubbock and XD,2535 82nd St,Lubbock,TX,79423,806-748-7140,-101.871622,33.519744,Texas,Cinemark,2024-03-31
Cinemark Lufkin,109 Miles Way,Lufkin,TX,75901,936-639-9861,-94.716421,31.313304,Texas,Cinemark,2024-03-31
Cinemark Mansfield and XD,2041 Hwy 287,Mansfield,TX,76063,817-473-6979,-97.148736,32.597377,Texas,Cinemark,2024-03-31
Cinemark Hollywood USA McAllen North,100 W Nolana Ave,McAllen,TX,78504,956-682-9438,-98.216291,26.239820,Texas,Cinemark,2024-03-31
Cinemark Movies McAllen 6,1800 S 16th St,McAllen,TX,78503,956-686-0170,-98.239217,26.189040,Texas,Cinemark,2024-03-31
Cinemark McKinney Movies 14,1701 S Central Expressway,McKinney,TX,75069,972-562-0408,-96.638381,33.187703,Texas,Cinemark,2024-03-31
Cinemark North McKinney and XD,1701 N Hardin Blvd,McKinney,TX,75071,214-491-1822,-96.6631101,33.2154991,Texas,Cinemark,2024-03-31
Cinemark Tinseltown USA Mission and XD,2516 East Expressway 83,Mission,TX,78572,956-583-1961,-98.288762,26.195515,Texas,Cinemark,2024-03-31
Cinemark Missouri City and XD ,10343 Highway 6,Missouri City,TX,77459,281-241-6497,-95.508310,29.533780,Texas,Cinemark,2024-03-31
Cinemark Valley Ranch and XD,21750 Valley Ranch Parkway,New Caney,TX,77357,281-354-4117,-95.2455,30.12941,Texas,Cinemark,2024-03-31
Cinemark Century Odessa 12,4221 Preston Smith Rd,Odessa,TX,79762,432-552-7996,-102.326498,31.895814,Texas,Cinemark,2024-03-31
Cinemark Paris Movies 8,1225 North East Loop 286,Paris,TX,75460,903-737-6989,-95.542020,33.682359,Texas,Cinemark,2024-03-31
Cinemark Hollywood Pasadena and XD,2101 E Beltway 8,Pasadena,TX,77503,713-475-8180,-95.154944,29.681505,Texas,Cinemark,2024-03-31
Cinemark Pearland and XD,3311 Silverlake Village Dr,Pearland,TX,77584,713-436-9065,-95.386617,29.549504,Texas,Cinemark,2024-03-31
Cinemark Pflugerville 20 and XD,15436 FM 1825,Pflugerville,TX,78660,512-989-8535,-97.661830,30.448448,Texas,Cinemark,2024-03-31
Cinemark Stone Hill Town Center,18820 Hilltop Commercial Dr,Pflugerville,TX,78660,512-251-1673,-97.595844,30.470832,Texas,Cinemark,2024-03-31
Cinemark Pharr Town Center and XD,600 N Jackson Rd,Pharr,TX,78577,956-683-1242,-98.203204,26.20399,Texas,Cinemark,2024-03-31
Cinemark Central Plano,1818 Coit Rd,Plano,TX,75075,972-985-1394,-96.770036,33.024669,Texas,Cinemark,2024-03-31
Cinemark West Plano XD and ScreenX,3800 Dallas Parkway,Plano,TX,75093,972-473-2289,-96.827987,33.049240,Texas,Cinemark,2024-03-31
Cinemark Legacy and XD,7201 Central Expy,Plano,TX,75025,972-527-4385,-96.691062,33.070886,Texas,Cinemark,2024-03-31
"Cinemark Long Meadow and XD, IMAX, ScreenX",7301 W. Grand Parkway S.,Richmond,TX,77407,281-239-4200,-95.7515178,29.6715342,Texas,Cinemark,2024-03-31
Cinemark Roanoke and XD,850 E Hwy 114,Roanoke,TX,76262,682-831-9498,-97.2175041,32.9984716,Texas,Cinemark,2024-03-31
Cinemark Rockwall 14 and XD,2125 Summer Lee,Rockwall,TX,75032,972-771-6653,-96.479773,32.890066,Texas,Cinemark,2024-03-31
Cinemark Rosenberg 12,3420 Vista Dr,Rosenberg,TX,77471,281-232-2612,-95.759368,29.546675,Texas,Cinemark,2024-03-31
Cinemark Round Rock 14,4401 N IH-35,Round Rock,TX,78664,512-868-2062,-97.692006,30.565685,Texas,Cinemark,2024-03-31
Cinemark Tinseltown USA San Angelo,4425 Sherwood Way,San Angelo,TX,76904,325-223-2854,-100.491696,31.438884,Texas,Cinemark,2024-03-31
Cinemark San Antonio 16,5063 NW Loop 410,San Antonio,TX,78229,210-521-3335,-98.587382,29.487356,Texas,Cinemark,2024-03-31
Cinemark McCreless Market,4224 S New Braunfels Ave,San Antonio,TX,78223,210-532-4459,-98.460996,29.37722,Texas,Cinemark,2024-03-31
Cinemark Sherman,3310 Town Center St,Sherman,TX,75092,903-868-4337,-96.610273,33.674692,Texas,Cinemark,2024-03-31
Cinemark Spring-Klein and XD,21440 Kuykendahl Rd,Spring,TX,77379,281-288-2894,-95.519943,30.080402,Texas,Cinemark,2024-03-31
Cinemark Stephenville Cinema 6,2900 W Washington St,Stephenville,TX,76401,254-968-6080,-98.229538,32.207817,Texas,Cinemark,2024-03-31
Cinemark Temple and XD,4501 South General Bruce Dr,Temple,TX,76502,254-773-8497,-97.397824,31.085485,Texas,Cinemark,2024-03-31
Cinemark Texarkana 14,4230 St Michael Dr,Texarkana,TX,75503,903-831-6084,-94.096819,33.453312,Texas,Cinemark,2024-03-31
Cinemark The Woodlands and XD,1600 Lake Robbins Dr,The Woodlands,TX,77380,281-362-4340,-95.458929,30.161578,Texas,Cinemark,2024-03-31
Cinemark Victoria 12,7806 Navarro,Victoria,TX,77904,361-485-1569,-96.997157,28.865944,Texas,Cinemark,2024-03-31
Cinemark Waco and XD ,2400 Creekview Dr,Waco,TX,76711,682-499-3273,-97.1523211,31.5043122,Texas,Cinemark,2024-03-31
Cinemark NASA and XD,20915 Gulf Freeway,Webster,TX,77598,281-332-0951,-95.126980,29.525179,Texas,Cinemark,2024-03-31
Cinemark Weslaco Movies 10,2113 West Expressway 83,Weslaco,TX,78596,956-968-8437,-98.010805,26.172215,Texas,Cinemark,2024-03-31
Cinemark Wichita Falls 14,2915 Glenwood Blvd,Wichita Falls,TX,76308,940-716-9933,-98.524017,33.886449,Texas,Cinemark,2024-03-31
Cinemark American Fork,715 West 180 North,American Fork,UT,84003,801-756-7897,-111.818569,40.378623,Utah,Cinemark,2024-03-31
Cinemark Draper and XD,12129 South State St,Draper,UT,84020,801-619-6494,-111.889383,40.532089,Utah,Cinemark,2024-03-31
Cinemark Farmington at Station Park and XD,900 W Clark Ln,Farmington,UT,84025,801-447-8561,-111.90632,40.982117,Utah,Cinemark,2024-03-31
Cinemark Layton and XD,720 W Ring Rd,Layton,UT,84041,801-546-4764,-111.979380,41.080692,Utah,Cinemark,2024-03-31
Cinemark Century Sandy Union Heights 16,7670 S Union Park Ave,Midvale,UT,84047,801-568-3699,-111.854634,40.611818,Utah,Cinemark,2024-03-31
Cinemark Tinseltown Ogden 14,3651 Wall Ave,Ogden,UT,84405,801-334-8655,-111.979519,41.196128,Utah,Cinemark,2024-03-31
Cinemark University Mall,1010 South 800 East,Orem,UT,84097,801-224-7428,-111.676637,40.278519,Utah,Cinemark,2024-03-31
Cinemark Provo 16,1200 Town Center Blvd,Provo,UT,84601,801-852-8526,-111.660715,40.217674,Utah,Cinemark,2024-03-31
Cinemark Riverton and XD ,13257 S Teal Ridge Way,Riverton,UT,84096,1-801-938-5700,-111.964840,40.527570,Utah,Cinemark,2024-03-31
Cinemark Sugarhouse,2227 S Highland Dr,Salt Lake City,UT,84106,801-466-3699,-111.858664,40.722449,Utah,Cinemark,2024-03-31
Cinemark Century Salt Lake 16 and XD,125 East 3300 South,Salt Lake City,UT,84115,801-486-9652,-111.887476,40.699973,Utah,Cinemark,2024-03-31
Cinemark Spanish Fork and XD,595 East Commerce Way,Spanish Fork,UT,84660,801-798-6977,-111.641552,40.123936,Utah,Cinemark,2024-03-31
Cinemark Jordan Landing 24 and XD,7301 S Jordan Landing,West Jordan,UT,84084,801-282-8847,-111.982100,40.618254,Utah,Cinemark,2024-03-31
Cinemark West Valley City and XD,5412 High Market Dr,West Valley City,UT,84120,(801) 297-1708,-112.019402,40.715363,Utah,Cinemark,2024-03-31
Cinemark Centreville,6201 Multiplex Dr,Centreville,VA,20121,703-802-1100,-77.436608,38.829533,Virginia,Cinemark,2024-03-31
Cinemark Chesapeake Square and XD,2413 Chesapeake Square Ring Rd,Chesapeake,VA,23321,757-488-4695,-76.411908,36.829047,Virginia,Cinemark,2024-03-31
Cinemark Fairfax Corner and XD,11900 Palace Way,Fairfax,VA,22030,703-378-6550,-77.356716,38.859022,Virginia,Cinemark,2024-03-31
Cinemark City Center and XD,11810 Fountain Way,Newport News,VA,23606,757-525-9898,-76.472081,37.085765,Virginia,Cinemark,2024-03-31
Cinemark Lincoln Square Cinemas and IMAX,700 Bellevue Way NE,Bellevue,WA,98004,425-450-9100,-122.200263,47.613989,Washington,Cinemark,2024-03-31
Cinemark Reserve Lincoln Square — Dine-In 21+,500 Bellevue Way NE,Bellevue,WA,98004,425-455-8422,-122.201612,47.615263,Washington,Cinemark,2024-03-31
Cinemark Century Federal Way and XD,2001 S Commons,Federal Way,WA,98003,253-946-0942,-122.303930,47.312963,Washington,Cinemark,2024-03-31
Cinemark Totem Lake Kirkland and XD,12600 120th Ave NE,Kirkland,WA,98034,425-821-0511,-122.179780,47.712670,Washington,Cinemark,2024-03-31
Cinemark Century Olympia,625 Black Lake Blvd SW,Olympia,WA,98502,360-943-0769,-122.930761,47.040628,Washington,Cinemark,2024-03-31
Cinemark Century Point Ruston and XD,5057 Main St,Tacoma,WA,98407,253-752-6325,-122.5030826,47.2975209,Washington,Cinemark,2024-03-31
Cinemark Grand Cinemas,1325 W Poplar St,Walla Walla,WA,99362,509-522-3232,-118.354627,46.0565753,Washington,Cinemark,2024-03-31
Cinemark Tinseltown USA Kenosha,7101 70th Court,Kenosha,WI,53142,262-942-8537,-87.893010,42.569568,Wisconsin,Cinemark,2024-03-31
Cinemark Huntington Mall,500 Mall Rd,Barboursville,WV,25504,304-733-3984,-82.262117,38.420817,West Virginia,Cinemark,2024-03-31
Cinemark Meadowbrook Mall,2105 Meadowbrook Rd,Bridgeport,WV,26330,304-842-9296,-80.274999,39.30783,West Virginia,Cinemark,2024-03-31
